CRCLStatusDataType,15074,DataType
CRCL_AngleUnitEnumDataType,15075,DataType
CRCL_AngleUnitEnumDataType_EnumStrings,15076,Variable
CRCL_ForceUnitEnumDataType,15077,DataType
CRCL_ForceUnitEnumDataType_EnumStrings,15078,Variable
CRCL_FractionDataType,15079,DataType
CRCL_LengthUnitEnumDataType,15080,DataType
CRCL_LengthUnitEnumDataType_EnumStrings,15081,Variable
CRCL_DataThingDataType,15082,DataType
CRCL_PointDataType,15083,DataType
CRCL_VectorDataType,15084,DataType
CRCL_PoseDataType,15085,DataType
CRCL_PositiveDecimalDataType,15086,DataType
CRCL_TorqueUnitEnumDataType,15087,DataType
CRCL_TorqueUnitEnumDataType_EnumStrings,15088,Variable
CRCL_TwistDataType,15089,DataType
CRCL_WrenchDataType,15090,DataType
CRCL_PoseToleranceDataType,15091,DataType
CRCL_ParameterSettingDataType,15092,DataType
CRCL_RotAccelDataType,15093,DataType
CRCL_RotAccelAbsoluteDataType,15094,DataType
CRCL_RotAccelRelativeDataType,15095,DataType
CRCL_RotSpeedDataType,15096,DataType
CRCL_RotSpeedAbsoluteDataType,15097,DataType
CRCL_RotSpeedRelativeDataType,15098,DataType
CRCL_TransAccelDataType,15099,DataType
CRCL_TransAccelAbsoluteDataType,15100,DataType
CRCL_TransAccelRelativeDataType,15101,DataType
CRCL_TransSpeedDataType,15102,DataType
CRCL_TransSpeedAbsoluteDataType,15103,DataType
CRCL_TransSpeedRelativeDataType,15104,DataType
CRCL_GuardLimitEnumDataType,15105,DataType
CRCL_GuardLimitEnumDataType_EnumStrings,15106,Variable
CRCL_GuardDataType,15107,DataType
CRCL_JointPositionToleranceSettingDataType,15108,DataType
CRCL_JointPositionsTolerancesDataType,15109,DataType
CRCL_PoseAndSetDataType,15110,DataType
CRCLCommandDataType,15111,DataType
MiddleCommandDataType,15112,DataType
EndCanonDataType,15113,DataType
InitCanonDataType,15114,DataType
CRCL_JointDetailsDataType,15115,DataType
CRCL_ActuateJointDataType,15116,DataType
JointForceTorqueDataType,15117,DataType
JointSpeedAccelDataType,15118,DataType
ActuateJointsDataType,15119,DataType
MoveToDataType,15120,DataType
CloseToolChangerDataType,15121,DataType
DwellDataType,15122,DataType
GetStatusDataType,15123,DataType
MessageDataType,15124,DataType
MoveScrewDataType,15125,DataType
MoveThroughToDataType,15126,DataType
OpenToolChangerDataType,15127,DataType
RunProgramDataType,15128,DataType
SetAngleUnitsDataType,15129,DataType
SetEndEffectorParametersDataType,15130,DataType
SetEndEffectorDataType,15131,DataType
SetEndPoseToleranceDataType,15132,DataType
SetForceUnitsDataType,15133,DataType
SetIntermediatePoseToleranceDataType,15134,DataType
SetLengthUnitsDataType,15135,DataType
SetMotionCoordinationDataType,15136,DataType
SetRobotParametersDataType,15137,DataType
SetTorqueUnitsDataType,15138,DataType
StopMotionDataType,15139,DataType
ConfigureStatusReportDataType,15140,DataType
EnableSensorDataType,15141,DataType
DisableSensorDataType,15142,DataType
EnableGripperDataType,15143,DataType
DisableGripperDataType,15144,DataType
EnableRobotParameterStatusDataType,15145,DataType
DisableRobotParameterStatusDataType,15146,DataType
SetDefaultJointPositonsTolerancesDataType,15147,DataType
SetRotAccelDataType,15148,DataType
SetTransAccelDataType,15149,DataType
SetRotSpeedDataType,15150,DataType
SetTransSpeedDataType,15151,DataType
UnionTestDataType,15152,DataType
CRCLCommandsUnionDataType,15153,DataType
CRCLStatusDataType_Encoding_DefaultBinary,15154,Object
CRCL_StopConditionEnumDataType,15155,DataType
CRCL_StopConditionEnumDataType_EnumStrings,15156,Variable
CRCL_ConfigureJointReportDataType,15157,DataType
CRCLSkillDataType,15159,DataType
CRCLSkillDataType_Encoding_DefaultBinary,15160,Object
CRCL_BinarySchema_CRCLSkillDataType,15161,Variable
CRCL_BinarySchema_CRCLSkillDataType_DataTypeVersion,15162,Variable
CRCL_BinarySchema_CRCLSkillDataType_DictionaryFragment,15163,Variable
CRCLSkillDataType_Encoding_DefaultXml,15164,Object
CRCL_XmlSchema_CRCLSkillDataType,15165,Variable
CRCL_XmlSchema_CRCLSkillDataType_DataTypeVersion,15166,Variable
CRCL_XmlSchema_CRCLSkillDataType_DictionaryFragment,15167,Variable
CRCLSkillDataType_Encoding_DefaultJson,15168,Object
CRCL_BinarySchema_CRCLStatusDataType,15169,Variable
CRCL_BinarySchema_CRCLStatusDataType_DataTypeVersion,15170,Variable
CRCL_BinarySchema_CRCLStatusDataType_DictionaryFragment,15171,Variable
CRCLStatusDataType_Encoding_DefaultXml,15172,Object
CRCL_FractionDataType_Encoding_DefaultBinary,15173,Object
CRCL_DataThingDataType_Encoding_DefaultBinary,15174,Object
CRCL_PointDataType_Encoding_DefaultBinary,15175,Object
CRCL_VectorDataType_Encoding_DefaultBinary,15176,Object
CRCL_PoseDataType_Encoding_DefaultBinary,15177,Object
CRCL_TwistDataType_Encoding_DefaultBinary,15178,Object
CRCL_WrenchDataType_Encoding_DefaultBinary,15179,Object
CRCL_PoseToleranceDataType_Encoding_DefaultBinary,15180,Object
CRCL_ParameterSettingDataType_Encoding_DefaultBinary,15181,Object
CRCL_RotAccelDataType_Encoding_DefaultBinary,15182,Object
CRCL_RotAccelAbsoluteDataType_Encoding_DefaultBinary,15183,Object
CRCL_RotAccelRelativeDataType_Encoding_DefaultBinary,15184,Object
CRCL_RotSpeedDataType_Encoding_DefaultBinary,15185,Object
CRCL_RotSpeedAbsoluteDataType_Encoding_DefaultBinary,15186,Object
CRCL_RotSpeedRelativeDataType_Encoding_DefaultBinary,15187,Object
CRCL_TransAccelDataType_Encoding_DefaultBinary,15188,Object
CRCL_TransAccelAbsoluteDataType_Encoding_DefaultBinary,15189,Object
CRCL_TransAccelRelativeDataType_Encoding_DefaultBinary,15190,Object
CRCL_TransSpeedDataType_Encoding_DefaultBinary,15191,Object
CRCL_TransSpeedAbsoluteDataType_Encoding_DefaultBinary,15192,Object
CRCL_TransSpeedRelativeDataType_Encoding_DefaultBinary,15193,Object
CRCL_GuardDataType_Encoding_DefaultBinary,15194,Object
CRCL_JointPositionToleranceSettingDataType_Encoding_DefaultBinary,15195,Object
CRCL_JointPositionsTolerancesDataType_Encoding_DefaultBinary,15196,Object
CRCL_PoseAndSetDataType_Encoding_DefaultBinary,15197,Object
CRCLCommandDataType_Encoding_DefaultBinary,15198,Object
MiddleCommandDataType_Encoding_DefaultBinary,15199,Object
EndCanonDataType_Encoding_DefaultBinary,15200,Object
InitCanonDataType_Encoding_DefaultBinary,15201,Object
CRCL_JointDetailsDataType_Encoding_DefaultBinary,15202,Object
CRCL_ActuateJointDataType_Encoding_DefaultBinary,15203,Object
JointForceTorqueDataType_Encoding_DefaultBinary,15204,Object
JointSpeedAccelDataType_Encoding_DefaultBinary,15205,Object
ActuateJointsDataType_Encoding_DefaultBinary,15206,Object
MoveToDataType_Encoding_DefaultBinary,15207,Object
CloseToolChangerDataType_Encoding_DefaultBinary,15208,Object
DwellDataType_Encoding_DefaultBinary,15209,Object
GetStatusDataType_Encoding_DefaultBinary,15210,Object
MessageDataType_Encoding_DefaultBinary,15211,Object
MoveScrewDataType_Encoding_DefaultBinary,15212,Object
MoveThroughToDataType_Encoding_DefaultBinary,15213,Object
OpenToolChangerDataType_Encoding_DefaultBinary,15214,Object
RunProgramDataType_Encoding_DefaultBinary,15215,Object
SetAngleUnitsDataType_Encoding_DefaultBinary,15216,Object
SetEndEffectorParametersDataType_Encoding_DefaultBinary,15217,Object
SetEndEffectorDataType_Encoding_DefaultBinary,15218,Object
SetEndPoseToleranceDataType_Encoding_DefaultBinary,15219,Object
SetForceUnitsDataType_Encoding_DefaultBinary,15220,Object
SetIntermediatePoseToleranceDataType_Encoding_DefaultBinary,15221,Object
SetLengthUnitsDataType_Encoding_DefaultBinary,15222,Object
SetMotionCoordinationDataType_Encoding_DefaultBinary,15223,Object
SetRobotParametersDataType_Encoding_DefaultBinary,15224,Object
SetTorqueUnitsDataType_Encoding_DefaultBinary,15225,Object
StopMotionDataType_Encoding_DefaultBinary,15226,Object
ConfigureStatusReportDataType_Encoding_DefaultBinary,15227,Object
EnableSensorDataType_Encoding_DefaultBinary,15228,Object
DisableSensorDataType_Encoding_DefaultBinary,15229,Object
EnableGripperDataType_Encoding_DefaultBinary,15230,Object
DisableGripperDataType_Encoding_DefaultBinary,15231,Object
EnableRobotParameterStatusDataType_Encoding_DefaultBinary,15232,Object
DisableRobotParameterStatusDataType_Encoding_DefaultBinary,15233,Object
SetDefaultJointPositonsTolerancesDataType_Encoding_DefaultBinary,15234,Object
SetRotAccelDataType_Encoding_DefaultBinary,15235,Object
SetTransAccelDataType_Encoding_DefaultBinary,15236,Object
SetRotSpeedDataType_Encoding_DefaultBinary,15237,Object
SetTransSpeedDataType_Encoding_DefaultBinary,15238,Object
UnionTestDataType_Encoding_DefaultBinary,15239,Object
CRCLCommandsUnionDataType_Encoding_DefaultBinary,15240,Object
CRCL_XmlSchema_CRCLStatusDataType,15241,Variable
CRCL_ConfigureJointReportDataType_Encoding_DefaultBinary,15242,Object
CRCL_BinarySchema,15243,Variable
CRCL_BinarySchema_DataTypeVersion,15244,Variable
CRCL_BinarySchema_NamespaceUri,15245,Variable
CRCL_BinarySchema_Deprecated,15246,Variable
CRCL_BinarySchema_CRCL_FractionDataType,15247,Variable
CRCL_BinarySchema_CRCL_FractionDataType_DataTypeVersion,15248,Variable
CRCL_BinarySchema_CRCL_FractionDataType_DictionaryFragment,15249,Variable
CRCL_BinarySchema_CRCL_DataThingDataType,15250,Variable
CRCL_BinarySchema_CRCL_DataThingDataType_DataTypeVersion,15251,Variable
CRCL_BinarySchema_CRCL_DataThingDataType_DictionaryFragment,15252,Variable
CRCL_BinarySchema_CRCL_PointDataType,15253,Variable
CRCL_BinarySchema_CRCL_PointDataType_DataTypeVersion,15254,Variable
CRCL_BinarySchema_CRCL_PointDataType_DictionaryFragment,15255,Variable
CRCL_BinarySchema_CRCL_VectorDataType,15256,Variable
CRCL_BinarySchema_CRCL_VectorDataType_DataTypeVersion,15257,Variable
CRCL_BinarySchema_CRCL_VectorDataType_DictionaryFragment,15258,Variable
CRCL_BinarySchema_CRCL_PoseDataType,15259,Variable
CRCL_BinarySchema_CRCL_PoseDataType_DataTypeVersion,15260,Variable
CRCL_BinarySchema_CRCL_PoseDataType_DictionaryFragment,15261,Variable
CRCL_BinarySchema_CRCL_TwistDataType,15262,Variable
CRCL_BinarySchema_CRCL_TwistDataType_DataTypeVersion,15263,Variable
CRCL_BinarySchema_CRCL_TwistDataType_DictionaryFragment,15264,Variable
CRCL_BinarySchema_CRCL_WrenchDataType,15265,Variable
CRCL_BinarySchema_CRCL_WrenchDataType_DataTypeVersion,15266,Variable
CRCL_BinarySchema_CRCL_WrenchDataType_DictionaryFragment,15267,Variable
CRCL_BinarySchema_CRCL_PoseToleranceDataType,15268,Variable
CRCL_BinarySchema_CRCL_PoseToleranceDataType_DataTypeVersion,15269,Variable
CRCL_BinarySchema_CRCL_PoseToleranceDataType_DictionaryFragment,15270,Variable
CRCL_BinarySchema_CRCL_ParameterSettingDataType,15271,Variable
CRCL_BinarySchema_CRCL_ParameterSettingDataType_DataTypeVersion,15272,Variable
CRCL_BinarySchema_CRCL_ParameterSettingDataType_DictionaryFragment,15273,Variable
CRCL_BinarySchema_CRCL_RotAccelDataType,15274,Variable
CRCL_BinarySchema_CRCL_RotAccelDataType_DataTypeVersion,15275,Variable
CRCL_BinarySchema_CRCL_RotAccelDataType_DictionaryFragment,15276,Variable
CRCL_BinarySchema_CRCL_RotAccelAbsoluteDataType,15277,Variable
CRCL_BinarySchema_CRCL_RotAccelAbsoluteDataType_DataTypeVersion,15278,Variable
CRCL_BinarySchema_CRCL_RotAccelAbsoluteDataType_DictionaryFragment,15279,Variable
CRCL_BinarySchema_CRCL_RotAccelRelativeDataType,15280,Variable
CRCL_BinarySchema_CRCL_RotAccelRelativeDataType_DataTypeVersion,15281,Variable
CRCL_BinarySchema_CRCL_RotAccelRelativeDataType_DictionaryFragment,15282,Variable
CRCL_BinarySchema_CRCL_RotSpeedDataType,15283,Variable
CRCL_BinarySchema_CRCL_RotSpeedDataType_DataTypeVersion,15284,Variable
CRCL_BinarySchema_CRCL_RotSpeedDataType_DictionaryFragment,15285,Variable
CRCL_BinarySchema_CRCL_RotSpeedAbsoluteDataType,15286,Variable
CRCL_BinarySchema_CRCL_RotSpeedAbsoluteDataType_DataTypeVersion,15287,Variable
CRCL_BinarySchema_CRCL_RotSpeedAbsoluteDataType_DictionaryFragment,15288,Variable
CRCL_BinarySchema_CRCL_RotSpeedRelativeDataType,15289,Variable
CRCL_BinarySchema_CRCL_RotSpeedRelativeDataType_DataTypeVersion,15290,Variable
CRCL_BinarySchema_CRCL_RotSpeedRelativeDataType_DictionaryFragment,15291,Variable
CRCL_BinarySchema_CRCL_TransAccelDataType,15292,Variable
CRCL_BinarySchema_CRCL_TransAccelDataType_DataTypeVersion,15293,Variable
CRCL_BinarySchema_CRCL_TransAccelDataType_DictionaryFragment,15294,Variable
CRCL_BinarySchema_CRCL_TransAccelAbsoluteDataType,15295,Variable
CRCL_BinarySchema_CRCL_TransAccelAbsoluteDataType_DataTypeVersion,15296,Variable
CRCL_BinarySchema_CRCL_TransAccelAbsoluteDataType_DictionaryFragment,15297,Variable
CRCL_BinarySchema_CRCL_TransAccelRelativeDataType,15298,Variable
CRCL_BinarySchema_CRCL_TransAccelRelativeDataType_DataTypeVersion,15299,Variable
CRCL_BinarySchema_CRCL_TransAccelRelativeDataType_DictionaryFragment,15300,Variable
CRCL_BinarySchema_CRCL_TransSpeedDataType,15301,Variable
CRCL_BinarySchema_CRCL_TransSpeedDataType_DataTypeVersion,15302,Variable
CRCL_BinarySchema_CRCL_TransSpeedDataType_DictionaryFragment,15303,Variable
CRCL_BinarySchema_CRCL_TransSpeedAbsoluteDataType,15304,Variable
CRCL_BinarySchema_CRCL_TransSpeedAbsoluteDataType_DataTypeVersion,15305,Variable
CRCL_BinarySchema_CRCL_TransSpeedAbsoluteDataType_DictionaryFragment,15306,Variable
CRCL_BinarySchema_CRCL_TransSpeedRelativeDataType,15307,Variable
CRCL_BinarySchema_CRCL_TransSpeedRelativeDataType_DataTypeVersion,15308,Variable
CRCL_BinarySchema_CRCL_TransSpeedRelativeDataType_DictionaryFragment,15309,Variable
CRCL_BinarySchema_CRCL_GuardDataType,15310,Variable
CRCL_BinarySchema_CRCL_GuardDataType_DataTypeVersion,15311,Variable
CRCL_BinarySchema_CRCL_GuardDataType_DictionaryFragment,15312,Variable
CRCL_BinarySchema_CRCL_JointPositionToleranceSettingDataType,15313,Variable
CRCL_BinarySchema_CRCL_JointPositionToleranceSettingDataType_DataTypeVersion,15314,Variable
CRCL_BinarySchema_CRCL_JointPositionToleranceSettingDataType_DictionaryFragment,15315,Variable
CRCL_BinarySchema_CRCL_JointPositionsTolerancesDataType,15316,Variable
CRCL_BinarySchema_CRCL_JointPositionsTolerancesDataType_DataTypeVersion,15317,Variable
CRCL_BinarySchema_CRCL_JointPositionsTolerancesDataType_DictionaryFragment,15318,Variable
CRCL_BinarySchema_CRCL_PoseAndSetDataType,15319,Variable
CRCL_BinarySchema_CRCL_PoseAndSetDataType_DataTypeVersion,15320,Variable
CRCL_BinarySchema_CRCL_PoseAndSetDataType_DictionaryFragment,15321,Variable
CRCL_BinarySchema_CRCLCommandDataType,15322,Variable
CRCL_BinarySchema_CRCLCommandDataType_DataTypeVersion,15323,Variable
CRCL_BinarySchema_CRCLCommandDataType_DictionaryFragment,15324,Variable
CRCL_BinarySchema_MiddleCommandDataType,15325,Variable
CRCL_BinarySchema_MiddleCommandDataType_DataTypeVersion,15326,Variable
CRCL_BinarySchema_MiddleCommandDataType_DictionaryFragment,15327,Variable
CRCL_BinarySchema_EndCanonDataType,15328,Variable
CRCL_BinarySchema_EndCanonDataType_DataTypeVersion,15329,Variable
CRCL_BinarySchema_EndCanonDataType_DictionaryFragment,15330,Variable
CRCL_BinarySchema_InitCanonDataType,15331,Variable
CRCL_BinarySchema_InitCanonDataType_DataTypeVersion,15332,Variable
CRCL_BinarySchema_InitCanonDataType_DictionaryFragment,15333,Variable
CRCL_BinarySchema_CRCL_JointDetailsDataType,15334,Variable
CRCL_BinarySchema_CRCL_JointDetailsDataType_DataTypeVersion,15335,Variable
CRCL_BinarySchema_CRCL_JointDetailsDataType_DictionaryFragment,15336,Variable
CRCL_BinarySchema_CRCL_ActuateJointDataType,15337,Variable
CRCL_BinarySchema_CRCL_ActuateJointDataType_DataTypeVersion,15338,Variable
CRCL_BinarySchema_CRCL_ActuateJointDataType_DictionaryFragment,15339,Variable
CRCL_BinarySchema_JointForceTorqueDataType,15340,Variable
CRCL_BinarySchema_JointForceTorqueDataType_DataTypeVersion,15341,Variable
CRCL_BinarySchema_JointForceTorqueDataType_DictionaryFragment,15342,Variable
CRCL_BinarySchema_JointSpeedAccelDataType,15343,Variable
CRCL_BinarySchema_JointSpeedAccelDataType_DataTypeVersion,15344,Variable
CRCL_BinarySchema_JointSpeedAccelDataType_DictionaryFragment,15345,Variable
CRCL_BinarySchema_ActuateJointsDataType,15346,Variable
CRCL_BinarySchema_ActuateJointsDataType_DataTypeVersion,15347,Variable
CRCL_BinarySchema_ActuateJointsDataType_DictionaryFragment,15348,Variable
CRCL_BinarySchema_MoveToDataType,15349,Variable
CRCL_BinarySchema_MoveToDataType_DataTypeVersion,15350,Variable
CRCL_BinarySchema_MoveToDataType_DictionaryFragment,15351,Variable
CRCL_BinarySchema_CloseToolChangerDataType,15352,Variable
CRCL_BinarySchema_CloseToolChangerDataType_DataTypeVersion,15353,Variable
CRCL_BinarySchema_CloseToolChangerDataType_DictionaryFragment,15354,Variable
CRCL_BinarySchema_DwellDataType,15355,Variable
CRCL_BinarySchema_DwellDataType_DataTypeVersion,15356,Variable
CRCL_BinarySchema_DwellDataType_DictionaryFragment,15357,Variable
CRCL_BinarySchema_GetStatusDataType,15358,Variable
CRCL_BinarySchema_GetStatusDataType_DataTypeVersion,15359,Variable
CRCL_BinarySchema_GetStatusDataType_DictionaryFragment,15360,Variable
CRCL_BinarySchema_MessageDataType,15361,Variable
CRCL_BinarySchema_MessageDataType_DataTypeVersion,15362,Variable
CRCL_BinarySchema_MessageDataType_DictionaryFragment,15363,Variable
CRCL_BinarySchema_MoveScrewDataType,15364,Variable
CRCL_BinarySchema_MoveScrewDataType_DataTypeVersion,15365,Variable
CRCL_BinarySchema_MoveScrewDataType_DictionaryFragment,15366,Variable
CRCL_BinarySchema_MoveThroughToDataType,15367,Variable
CRCL_BinarySchema_MoveThroughToDataType_DataTypeVersion,15368,Variable
CRCL_BinarySchema_MoveThroughToDataType_DictionaryFragment,15369,Variable
CRCL_BinarySchema_OpenToolChangerDataType,15370,Variable
CRCL_BinarySchema_OpenToolChangerDataType_DataTypeVersion,15371,Variable
CRCL_BinarySchema_OpenToolChangerDataType_DictionaryFragment,15372,Variable
CRCL_BinarySchema_RunProgramDataType,15373,Variable
CRCL_BinarySchema_RunProgramDataType_DataTypeVersion,15374,Variable
CRCL_BinarySchema_RunProgramDataType_DictionaryFragment,15375,Variable
CRCL_BinarySchema_SetAngleUnitsDataType,15376,Variable
CRCL_BinarySchema_SetAngleUnitsDataType_DataTypeVersion,15377,Variable
CRCL_BinarySchema_SetAngleUnitsDataType_DictionaryFragment,15378,Variable
CRCL_BinarySchema_SetEndEffectorParametersDataType,15379,Variable
CRCL_BinarySchema_SetEndEffectorParametersDataType_DataTypeVersion,15380,Variable
CRCL_BinarySchema_SetEndEffectorParametersDataType_DictionaryFragment,15381,Variable
CRCL_BinarySchema_SetEndEffectorDataType,15382,Variable
CRCL_BinarySchema_SetEndEffectorDataType_DataTypeVersion,15383,Variable
CRCL_BinarySchema_SetEndEffectorDataType_DictionaryFragment,15384,Variable
CRCL_BinarySchema_SetEndPoseToleranceDataType,15385,Variable
CRCL_BinarySchema_SetEndPoseToleranceDataType_DataTypeVersion,15386,Variable
CRCL_BinarySchema_SetEndPoseToleranceDataType_DictionaryFragment,15387,Variable
CRCL_BinarySchema_SetForceUnitsDataType,15388,Variable
CRCL_BinarySchema_SetForceUnitsDataType_DataTypeVersion,15389,Variable
CRCL_BinarySchema_SetForceUnitsDataType_DictionaryFragment,15390,Variable
CRCL_BinarySchema_SetIntermediatePoseToleranceDataType,15391,Variable
CRCL_BinarySchema_SetIntermediatePoseToleranceDataType_DataTypeVersion,15392,Variable
CRCL_BinarySchema_SetIntermediatePoseToleranceDataType_DictionaryFragment,15393,Variable
CRCL_BinarySchema_SetLengthUnitsDataType,15394,Variable
CRCL_BinarySchema_SetLengthUnitsDataType_DataTypeVersion,15395,Variable
CRCL_BinarySchema_SetLengthUnitsDataType_DictionaryFragment,15396,Variable
CRCL_BinarySchema_SetMotionCoordinationDataType,15397,Variable
CRCL_BinarySchema_SetMotionCoordinationDataType_DataTypeVersion,15398,Variable
CRCL_BinarySchema_SetMotionCoordinationDataType_DictionaryFragment,15399,Variable
CRCL_BinarySchema_SetRobotParametersDataType,15400,Variable
CRCL_BinarySchema_SetRobotParametersDataType_DataTypeVersion,15401,Variable
CRCL_BinarySchema_SetRobotParametersDataType_DictionaryFragment,15402,Variable
CRCL_BinarySchema_SetTorqueUnitsDataType,15403,Variable
CRCL_BinarySchema_SetTorqueUnitsDataType_DataTypeVersion,15404,Variable
CRCL_BinarySchema_SetTorqueUnitsDataType_DictionaryFragment,15405,Variable
CRCL_BinarySchema_StopMotionDataType,15406,Variable
CRCL_BinarySchema_StopMotionDataType_DataTypeVersion,15407,Variable
CRCL_BinarySchema_StopMotionDataType_DictionaryFragment,15408,Variable
CRCL_BinarySchema_ConfigureStatusReportDataType,15409,Variable
CRCL_BinarySchema_ConfigureStatusReportDataType_DataTypeVersion,15410,Variable
CRCL_BinarySchema_ConfigureStatusReportDataType_DictionaryFragment,15411,Variable
CRCL_BinarySchema_EnableSensorDataType,15412,Variable
CRCL_BinarySchema_EnableSensorDataType_DataTypeVersion,15413,Variable
CRCL_BinarySchema_EnableSensorDataType_DictionaryFragment,15414,Variable
CRCL_BinarySchema_DisableSensorDataType,15415,Variable
CRCL_BinarySchema_DisableSensorDataType_DataTypeVersion,15416,Variable
CRCL_BinarySchema_DisableSensorDataType_DictionaryFragment,15417,Variable
CRCL_BinarySchema_EnableGripperDataType,15418,Variable
CRCL_BinarySchema_EnableGripperDataType_DataTypeVersion,15419,Variable
CRCL_BinarySchema_EnableGripperDataType_DictionaryFragment,15420,Variable
CRCL_BinarySchema_DisableGripperDataType,15421,Variable
CRCL_BinarySchema_DisableGripperDataType_DataTypeVersion,15422,Variable
CRCL_BinarySchema_DisableGripperDataType_DictionaryFragment,15423,Variable
CRCL_BinarySchema_EnableRobotParameterStatusDataType,15424,Variable
CRCL_BinarySchema_EnableRobotParameterStatusDataType_DataTypeVersion,15425,Variable
CRCL_BinarySchema_EnableRobotParameterStatusDataType_DictionaryFragment,15426,Variable
CRCL_BinarySchema_DisableRobotParameterStatusDataType,15427,Variable
CRCL_BinarySchema_DisableRobotParameterStatusDataType_DataTypeVersion,15428,Variable
CRCL_BinarySchema_DisableRobotParameterStatusDataType_DictionaryFragment,15429,Variable
CRCL_BinarySchema_SetDefaultJointPositonsTolerancesDataType,15430,Variable
CRCL_BinarySchema_SetDefaultJointPositonsTolerancesDataType_DataTypeVersion,15431,Variable
CRCL_BinarySchema_SetDefaultJointPositonsTolerancesDataType_DictionaryFragment,15432,Variable
CRCL_BinarySchema_SetRotAccelDataType,15433,Variable
CRCL_BinarySchema_SetRotAccelDataType_DataTypeVersion,15434,Variable
CRCL_BinarySchema_SetRotAccelDataType_DictionaryFragment,15435,Variable
CRCL_BinarySchema_SetTransAccelDataType,15436,Variable
CRCL_BinarySchema_SetTransAccelDataType_DataTypeVersion,15437,Variable
CRCL_BinarySchema_SetTransAccelDataType_DictionaryFragment,15438,Variable
CRCL_BinarySchema_SetRotSpeedDataType,15439,Variable
CRCL_BinarySchema_SetRotSpeedDataType_DataTypeVersion,15440,Variable
CRCL_BinarySchema_SetRotSpeedDataType_DictionaryFragment,15441,Variable
CRCL_BinarySchema_SetTransSpeedDataType,15442,Variable
CRCL_BinarySchema_SetTransSpeedDataType_DataTypeVersion,15443,Variable
CRCL_BinarySchema_SetTransSpeedDataType_DictionaryFragment,15444,Variable
CRCL_BinarySchema_UnionTestDataType,15445,Variable
CRCL_BinarySchema_UnionTestDataType_DataTypeVersion,15446,Variable
CRCL_BinarySchema_UnionTestDataType_DictionaryFragment,15447,Variable
CRCL_BinarySchema_CRCLCommandsUnionDataType,15448,Variable
CRCL_BinarySchema_CRCLCommandsUnionDataType_DataTypeVersion,15449,Variable
CRCL_BinarySchema_CRCLCommandsUnionDataType_DictionaryFragment,15450,Variable
CRCL_XmlSchema_CRCLStatusDataType_DataTypeVersion,15451,Variable
CRCL_XmlSchema_CRCLStatusDataType_DictionaryFragment,15452,Variable
CRCLStatusDataType_Encoding_DefaultJson,15453,Object
CRCL_BinarySchema_CRCL_ConfigureJointReportDataType,15454,Variable
CRCL_BinarySchema_CRCL_ConfigureJointReportDataType_DataTypeVersion,15455,Variable
CRCL_BinarySchema_CRCL_ConfigureJointReportDataType_DictionaryFragment,15456,Variable
CRCL_FractionDataType_Encoding_DefaultXml,15457,Object
CRCL_DataThingDataType_Encoding_DefaultXml,15458,Object
CRCL_PointDataType_Encoding_DefaultXml,15459,Object
CRCL_VectorDataType_Encoding_DefaultXml,15460,Object
CRCL_PoseDataType_Encoding_DefaultXml,15461,Object
CRCL_TwistDataType_Encoding_DefaultXml,15462,Object
CRCL_WrenchDataType_Encoding_DefaultXml,15463,Object
CRCL_PoseToleranceDataType_Encoding_DefaultXml,15464,Object
CRCL_ParameterSettingDataType_Encoding_DefaultXml,15465,Object
CRCL_RotAccelDataType_Encoding_DefaultXml,15466,Object
CRCL_RotAccelAbsoluteDataType_Encoding_DefaultXml,15467,Object
CRCL_RotAccelRelativeDataType_Encoding_DefaultXml,15468,Object
CRCL_RotSpeedDataType_Encoding_DefaultXml,15469,Object
CRCL_RotSpeedAbsoluteDataType_Encoding_DefaultXml,15470,Object
CRCL_RotSpeedRelativeDataType_Encoding_DefaultXml,15471,Object
CRCL_TransAccelDataType_Encoding_DefaultXml,15472,Object
CRCL_TransAccelAbsoluteDataType_Encoding_DefaultXml,15473,Object
CRCL_TransAccelRelativeDataType_Encoding_DefaultXml,15474,Object
CRCL_TransSpeedDataType_Encoding_DefaultXml,15475,Object
CRCL_TransSpeedAbsoluteDataType_Encoding_DefaultXml,15476,Object
CRCL_TransSpeedRelativeDataType_Encoding_DefaultXml,15477,Object
CRCL_GuardDataType_Encoding_DefaultXml,15478,Object
CRCL_JointPositionToleranceSettingDataType_Encoding_DefaultXml,15479,Object
CRCL_JointPositionsTolerancesDataType_Encoding_DefaultXml,15480,Object
CRCL_PoseAndSetDataType_Encoding_DefaultXml,15481,Object
CRCLCommandDataType_Encoding_DefaultXml,15482,Object
MiddleCommandDataType_Encoding_DefaultXml,15483,Object
EndCanonDataType_Encoding_DefaultXml,15484,Object
InitCanonDataType_Encoding_DefaultXml,15485,Object
CRCL_JointDetailsDataType_Encoding_DefaultXml,15486,Object
CRCL_ActuateJointDataType_Encoding_DefaultXml,15487,Object
JointForceTorqueDataType_Encoding_DefaultXml,15488,Object
JointSpeedAccelDataType_Encoding_DefaultXml,15489,Object
ActuateJointsDataType_Encoding_DefaultXml,15490,Object
MoveToDataType_Encoding_DefaultXml,15491,Object
CloseToolChangerDataType_Encoding_DefaultXml,15492,Object
DwellDataType_Encoding_DefaultXml,15493,Object
GetStatusDataType_Encoding_DefaultXml,15494,Object
MessageDataType_Encoding_DefaultXml,15495,Object
MoveScrewDataType_Encoding_DefaultXml,15496,Object
MoveThroughToDataType_Encoding_DefaultXml,15497,Object
OpenToolChangerDataType_Encoding_DefaultXml,15498,Object
RunProgramDataType_Encoding_DefaultXml,15499,Object
SetAngleUnitsDataType_Encoding_DefaultXml,15500,Object
SetEndEffectorParametersDataType_Encoding_DefaultXml,15501,Object
SetEndEffectorDataType_Encoding_DefaultXml,15502,Object
SetEndPoseToleranceDataType_Encoding_DefaultXml,15503,Object
SetForceUnitsDataType_Encoding_DefaultXml,15504,Object
SetIntermediatePoseToleranceDataType_Encoding_DefaultXml,15505,Object
SetLengthUnitsDataType_Encoding_DefaultXml,15506,Object
SetMotionCoordinationDataType_Encoding_DefaultXml,15507,Object
SetRobotParametersDataType_Encoding_DefaultXml,15508,Object
SetTorqueUnitsDataType_Encoding_DefaultXml,15509,Object
StopMotionDataType_Encoding_DefaultXml,15510,Object
ConfigureStatusReportDataType_Encoding_DefaultXml,15511,Object
EnableSensorDataType_Encoding_DefaultXml,15512,Object
DisableSensorDataType_Encoding_DefaultXml,15513,Object
EnableGripperDataType_Encoding_DefaultXml,15514,Object
DisableGripperDataType_Encoding_DefaultXml,15515,Object
EnableRobotParameterStatusDataType_Encoding_DefaultXml,15516,Object
DisableRobotParameterStatusDataType_Encoding_DefaultXml,15517,Object
SetDefaultJointPositonsTolerancesDataType_Encoding_DefaultXml,15518,Object
SetRotAccelDataType_Encoding_DefaultXml,15519,Object
SetTransAccelDataType_Encoding_DefaultXml,15520,Object
SetRotSpeedDataType_Encoding_DefaultXml,15521,Object
SetTransSpeedDataType_Encoding_DefaultXml,15522,Object
UnionTestDataType_Encoding_DefaultXml,15523,Object
CRCLCommandsUnionDataType_Encoding_DefaultXml,15524,Object
PubSubIPAddresses,15525,DataType
CRCL_ConfigureJointReportDataType_Encoding_DefaultXml,15526,Object
CRCL_XmlSchema,15527,Variable
CRCL_XmlSchema_DataTypeVersion,15528,Variable
CRCL_XmlSchema_NamespaceUri,15529,Variable
CRCL_XmlSchema_Deprecated,15530,Variable
CRCL_XmlSchema_CRCL_FractionDataType,15531,Variable
CRCL_XmlSchema_CRCL_FractionDataType_DataTypeVersion,15532,Variable
CRCL_XmlSchema_CRCL_FractionDataType_DictionaryFragment,15533,Variable
CRCL_XmlSchema_CRCL_DataThingDataType,15534,Variable
CRCL_XmlSchema_CRCL_DataThingDataType_DataTypeVersion,15535,Variable
CRCL_XmlSchema_CRCL_DataThingDataType_DictionaryFragment,15536,Variable
CRCL_XmlSchema_CRCL_PointDataType,15537,Variable
CRCL_XmlSchema_CRCL_PointDataType_DataTypeVersion,15538,Variable
CRCL_XmlSchema_CRCL_PointDataType_DictionaryFragment,15539,Variable
CRCL_XmlSchema_CRCL_VectorDataType,15540,Variable
CRCL_XmlSchema_CRCL_VectorDataType_DataTypeVersion,15541,Variable
CRCL_XmlSchema_CRCL_VectorDataType_DictionaryFragment,15542,Variable
CRCL_XmlSchema_CRCL_PoseDataType,15543,Variable
CRCL_XmlSchema_CRCL_PoseDataType_DataTypeVersion,15544,Variable
CRCL_XmlSchema_CRCL_PoseDataType_DictionaryFragment,15545,Variable
CRCL_XmlSchema_CRCL_TwistDataType,15546,Variable
CRCL_XmlSchema_CRCL_TwistDataType_DataTypeVersion,15547,Variable
CRCL_XmlSchema_CRCL_TwistDataType_DictionaryFragment,15548,Variable
CRCL_XmlSchema_CRCL_WrenchDataType,15549,Variable
CRCL_XmlSchema_CRCL_WrenchDataType_DataTypeVersion,15550,Variable
CRCL_XmlSchema_CRCL_WrenchDataType_DictionaryFragment,15551,Variable
CRCL_XmlSchema_CRCL_PoseToleranceDataType,15552,Variable
CRCL_XmlSchema_CRCL_PoseToleranceDataType_DataTypeVersion,15553,Variable
CRCL_XmlSchema_CRCL_PoseToleranceDataType_DictionaryFragment,15554,Variable
CRCL_XmlSchema_CRCL_ParameterSettingDataType,15555,Variable
CRCL_XmlSchema_CRCL_ParameterSettingDataType_DataTypeVersion,15556,Variable
CRCL_XmlSchema_CRCL_ParameterSettingDataType_DictionaryFragment,15557,Variable
CRCL_XmlSchema_CRCL_RotAccelDataType,15558,Variable
CRCL_XmlSchema_CRCL_RotAccelDataType_DataTypeVersion,15559,Variable
CRCL_XmlSchema_CRCL_RotAccelDataType_DictionaryFragment,15560,Variable
CRCL_XmlSchema_CRCL_RotAccelAbsoluteDataType,15561,Variable
CRCL_XmlSchema_CRCL_RotAccelAbsoluteDataType_DataTypeVersion,15562,Variable
CRCL_XmlSchema_CRCL_RotAccelAbsoluteDataType_DictionaryFragment,15563,Variable
CRCL_XmlSchema_CRCL_RotAccelRelativeDataType,15564,Variable
CRCL_XmlSchema_CRCL_RotAccelRelativeDataType_DataTypeVersion,15565,Variable
CRCL_XmlSchema_CRCL_RotAccelRelativeDataType_DictionaryFragment,15566,Variable
CRCL_XmlSchema_CRCL_RotSpeedDataType,15567,Variable
CRCL_XmlSchema_CRCL_RotSpeedDataType_DataTypeVersion,15568,Variable
CRCL_XmlSchema_CRCL_RotSpeedDataType_DictionaryFragment,15569,Variable
CRCL_XmlSchema_CRCL_RotSpeedAbsoluteDataType,15570,Variable
CRCL_XmlSchema_CRCL_RotSpeedAbsoluteDataType_DataTypeVersion,15571,Variable
CRCL_XmlSchema_CRCL_RotSpeedAbsoluteDataType_DictionaryFragment,15572,Variable
CRCL_XmlSchema_CRCL_RotSpeedRelativeDataType,15573,Variable
CRCL_XmlSchema_CRCL_RotSpeedRelativeDataType_DataTypeVersion,15574,Variable
CRCL_XmlSchema_CRCL_RotSpeedRelativeDataType_DictionaryFragment,15575,Variable
CRCL_XmlSchema_CRCL_TransAccelDataType,15576,Variable
CRCL_XmlSchema_CRCL_TransAccelDataType_DataTypeVersion,15577,Variable
CRCL_XmlSchema_CRCL_TransAccelDataType_DictionaryFragment,15578,Variable
CRCL_XmlSchema_CRCL_TransAccelAbsoluteDataType,15579,Variable
CRCL_XmlSchema_CRCL_TransAccelAbsoluteDataType_DataTypeVersion,15580,Variable
CRCL_XmlSchema_CRCL_TransAccelAbsoluteDataType_DictionaryFragment,15581,Variable
CRCL_XmlSchema_CRCL_TransAccelRelativeDataType,15582,Variable
CRCL_XmlSchema_CRCL_TransAccelRelativeDataType_DataTypeVersion,15583,Variable
CRCL_XmlSchema_CRCL_TransAccelRelativeDataType_DictionaryFragment,15584,Variable
CRCL_XmlSchema_CRCL_TransSpeedDataType,15585,Variable
CRCL_XmlSchema_CRCL_TransSpeedDataType_DataTypeVersion,15586,Variable
CRCL_XmlSchema_CRCL_TransSpeedDataType_DictionaryFragment,15587,Variable
CRCL_XmlSchema_CRCL_TransSpeedAbsoluteDataType,15588,Variable
CRCL_XmlSchema_CRCL_TransSpeedAbsoluteDataType_DataTypeVersion,15589,Variable
CRCL_XmlSchema_CRCL_TransSpeedAbsoluteDataType_DictionaryFragment,15590,Variable
CRCL_XmlSchema_CRCL_TransSpeedRelativeDataType,15591,Variable
CRCL_XmlSchema_CRCL_TransSpeedRelativeDataType_DataTypeVersion,15592,Variable
CRCL_XmlSchema_CRCL_TransSpeedRelativeDataType_DictionaryFragment,15593,Variable
CRCL_XmlSchema_CRCL_GuardDataType,15594,Variable
CRCL_XmlSchema_CRCL_GuardDataType_DataTypeVersion,15595,Variable
CRCL_XmlSchema_CRCL_GuardDataType_DictionaryFragment,15596,Variable
CRCL_XmlSchema_CRCL_JointPositionToleranceSettingDataType,15597,Variable
CRCL_XmlSchema_CRCL_JointPositionToleranceSettingDataType_DataTypeVersion,15598,Variable
CRCL_XmlSchema_CRCL_JointPositionToleranceSettingDataType_DictionaryFragment,15599,Variable
CRCL_XmlSchema_CRCL_JointPositionsTolerancesDataType,15600,Variable
CRCL_XmlSchema_CRCL_JointPositionsTolerancesDataType_DataTypeVersion,15601,Variable
CRCL_XmlSchema_CRCL_JointPositionsTolerancesDataType_DictionaryFragment,15602,Variable
CRCL_XmlSchema_CRCL_PoseAndSetDataType,15603,Variable
CRCL_XmlSchema_CRCL_PoseAndSetDataType_DataTypeVersion,15604,Variable
CRCL_XmlSchema_CRCL_PoseAndSetDataType_DictionaryFragment,15605,Variable
CRCL_XmlSchema_CRCLCommandDataType,15606,Variable
CRCL_XmlSchema_CRCLCommandDataType_DataTypeVersion,15607,Variable
CRCL_XmlSchema_CRCLCommandDataType_DictionaryFragment,15608,Variable
CRCL_XmlSchema_MiddleCommandDataType,15609,Variable
CRCL_XmlSchema_MiddleCommandDataType_DataTypeVersion,15610,Variable
CRCL_XmlSchema_MiddleCommandDataType_DictionaryFragment,15611,Variable
CRCL_XmlSchema_EndCanonDataType,15612,Variable
CRCL_XmlSchema_EndCanonDataType_DataTypeVersion,15613,Variable
CRCL_XmlSchema_EndCanonDataType_DictionaryFragment,15614,Variable
CRCL_XmlSchema_InitCanonDataType,15615,Variable
CRCL_XmlSchema_InitCanonDataType_DataTypeVersion,15616,Variable
CRCL_XmlSchema_InitCanonDataType_DictionaryFragment,15617,Variable
CRCL_XmlSchema_CRCL_JointDetailsDataType,15618,Variable
CRCL_XmlSchema_CRCL_JointDetailsDataType_DataTypeVersion,15619,Variable
CRCL_XmlSchema_CRCL_JointDetailsDataType_DictionaryFragment,15620,Variable
CRCL_XmlSchema_CRCL_ActuateJointDataType,15621,Variable
CRCL_XmlSchema_CRCL_ActuateJointDataType_DataTypeVersion,15622,Variable
CRCL_XmlSchema_CRCL_ActuateJointDataType_DictionaryFragment,15623,Variable
CRCL_XmlSchema_JointForceTorqueDataType,15624,Variable
CRCL_XmlSchema_JointForceTorqueDataType_DataTypeVersion,15625,Variable
CRCL_XmlSchema_JointForceTorqueDataType_DictionaryFragment,15626,Variable
CRCL_XmlSchema_JointSpeedAccelDataType,15627,Variable
CRCL_XmlSchema_JointSpeedAccelDataType_DataTypeVersion,15628,Variable
CRCL_XmlSchema_JointSpeedAccelDataType_DictionaryFragment,15629,Variable
CRCL_XmlSchema_ActuateJointsDataType,15630,Variable
CRCL_XmlSchema_ActuateJointsDataType_DataTypeVersion,15631,Variable
CRCL_XmlSchema_ActuateJointsDataType_DictionaryFragment,15632,Variable
CRCL_XmlSchema_MoveToDataType,15633,Variable
CRCL_XmlSchema_MoveToDataType_DataTypeVersion,15634,Variable
CRCL_XmlSchema_MoveToDataType_DictionaryFragment,15635,Variable
CRCL_XmlSchema_CloseToolChangerDataType,15636,Variable
CRCL_XmlSchema_CloseToolChangerDataType_DataTypeVersion,15637,Variable
CRCL_XmlSchema_CloseToolChangerDataType_DictionaryFragment,15638,Variable
CRCL_XmlSchema_DwellDataType,15639,Variable
CRCL_XmlSchema_DwellDataType_DataTypeVersion,15640,Variable
CRCL_XmlSchema_DwellDataType_DictionaryFragment,15641,Variable
CRCL_XmlSchema_GetStatusDataType,15642,Variable
CRCL_XmlSchema_GetStatusDataType_DataTypeVersion,15643,Variable
CRCL_XmlSchema_GetStatusDataType_DictionaryFragment,15644,Variable
CRCL_XmlSchema_MessageDataType,15645,Variable
CRCL_XmlSchema_MessageDataType_DataTypeVersion,15646,Variable
CRCL_XmlSchema_MessageDataType_DictionaryFragment,15647,Variable
CRCL_XmlSchema_MoveScrewDataType,15648,Variable
CRCL_XmlSchema_MoveScrewDataType_DataTypeVersion,15649,Variable
CRCL_XmlSchema_MoveScrewDataType_DictionaryFragment,15650,Variable
CRCL_XmlSchema_MoveThroughToDataType,15651,Variable
CRCL_XmlSchema_MoveThroughToDataType_DataTypeVersion,15652,Variable
CRCL_XmlSchema_MoveThroughToDataType_DictionaryFragment,15653,Variable
CRCL_XmlSchema_OpenToolChangerDataType,15654,Variable
CRCL_XmlSchema_OpenToolChangerDataType_DataTypeVersion,15655,Variable
CRCL_XmlSchema_OpenToolChangerDataType_DictionaryFragment,15656,Variable
CRCL_XmlSchema_RunProgramDataType,15657,Variable
CRCL_XmlSchema_RunProgramDataType_DataTypeVersion,15658,Variable
CRCL_XmlSchema_RunProgramDataType_DictionaryFragment,15659,Variable
CRCL_XmlSchema_SetAngleUnitsDataType,15660,Variable
CRCL_XmlSchema_SetAngleUnitsDataType_DataTypeVersion,15661,Variable
CRCL_XmlSchema_SetAngleUnitsDataType_DictionaryFragment,15662,Variable
CRCL_XmlSchema_SetEndEffectorParametersDataType,15663,Variable
CRCL_XmlSchema_SetEndEffectorParametersDataType_DataTypeVersion,15664,Variable
CRCL_XmlSchema_SetEndEffectorParametersDataType_DictionaryFragment,15665,Variable
CRCL_XmlSchema_SetEndEffectorDataType,15666,Variable
CRCL_XmlSchema_SetEndEffectorDataType_DataTypeVersion,15667,Variable
CRCL_XmlSchema_SetEndEffectorDataType_DictionaryFragment,15668,Variable
CRCL_XmlSchema_SetEndPoseToleranceDataType,15669,Variable
CRCL_XmlSchema_SetEndPoseToleranceDataType_DataTypeVersion,15670,Variable
CRCL_XmlSchema_SetEndPoseToleranceDataType_DictionaryFragment,15671,Variable
CRCL_XmlSchema_SetForceUnitsDataType,15672,Variable
CRCL_XmlSchema_SetForceUnitsDataType_DataTypeVersion,15673,Variable
CRCL_XmlSchema_SetForceUnitsDataType_DictionaryFragment,15674,Variable
CRCL_XmlSchema_SetIntermediatePoseToleranceDataType,15675,Variable
CRCL_XmlSchema_SetIntermediatePoseToleranceDataType_DataTypeVersion,15676,Variable
CRCL_XmlSchema_SetIntermediatePoseToleranceDataType_DictionaryFragment,15677,Variable
CRCL_XmlSchema_SetLengthUnitsDataType,15678,Variable
CRCL_XmlSchema_SetLengthUnitsDataType_DataTypeVersion,15679,Variable
CRCL_XmlSchema_SetLengthUnitsDataType_DictionaryFragment,15680,Variable
CRCL_XmlSchema_SetMotionCoordinationDataType,15681,Variable
CRCL_XmlSchema_SetMotionCoordinationDataType_DataTypeVersion,15682,Variable
CRCL_XmlSchema_SetMotionCoordinationDataType_DictionaryFragment,15683,Variable
CRCL_XmlSchema_SetRobotParametersDataType,15684,Variable
CRCL_XmlSchema_SetRobotParametersDataType_DataTypeVersion,15685,Variable
CRCL_XmlSchema_SetRobotParametersDataType_DictionaryFragment,15686,Variable
CRCL_XmlSchema_SetTorqueUnitsDataType,15687,Variable
CRCL_XmlSchema_SetTorqueUnitsDataType_DataTypeVersion,15688,Variable
CRCL_XmlSchema_SetTorqueUnitsDataType_DictionaryFragment,15689,Variable
CRCL_XmlSchema_StopMotionDataType,15690,Variable
CRCL_XmlSchema_StopMotionDataType_DataTypeVersion,15691,Variable
CRCL_XmlSchema_StopMotionDataType_DictionaryFragment,15692,Variable
CRCL_XmlSchema_ConfigureStatusReportDataType,15693,Variable
CRCL_XmlSchema_ConfigureStatusReportDataType_DataTypeVersion,15694,Variable
CRCL_XmlSchema_ConfigureStatusReportDataType_DictionaryFragment,15695,Variable
CRCL_XmlSchema_EnableSensorDataType,15696,Variable
CRCL_XmlSchema_EnableSensorDataType_DataTypeVersion,15697,Variable
CRCL_XmlSchema_EnableSensorDataType_DictionaryFragment,15698,Variable
CRCL_XmlSchema_DisableSensorDataType,15699,Variable
CRCL_XmlSchema_DisableSensorDataType_DataTypeVersion,15700,Variable
CRCL_XmlSchema_DisableSensorDataType_DictionaryFragment,15701,Variable
CRCL_XmlSchema_EnableGripperDataType,15702,Variable
CRCL_XmlSchema_EnableGripperDataType_DataTypeVersion,15703,Variable
CRCL_XmlSchema_EnableGripperDataType_DictionaryFragment,15704,Variable
CRCL_XmlSchema_DisableGripperDataType,15705,Variable
CRCL_XmlSchema_DisableGripperDataType_DataTypeVersion,15706,Variable
CRCL_XmlSchema_DisableGripperDataType_DictionaryFragment,15707,Variable
CRCL_XmlSchema_EnableRobotParameterStatusDataType,15708,Variable
CRCL_XmlSchema_EnableRobotParameterStatusDataType_DataTypeVersion,15709,Variable
CRCL_XmlSchema_EnableRobotParameterStatusDataType_DictionaryFragment,15710,Variable
CRCL_XmlSchema_DisableRobotParameterStatusDataType,15711,Variable
CRCL_XmlSchema_DisableRobotParameterStatusDataType_DataTypeVersion,15712,Variable
CRCL_XmlSchema_DisableRobotParameterStatusDataType_DictionaryFragment,15713,Variable
CRCL_XmlSchema_SetDefaultJointPositonsTolerancesDataType,15714,Variable
CRCL_XmlSchema_SetDefaultJointPositonsTolerancesDataType_DataTypeVersion,15715,Variable
CRCL_XmlSchema_SetDefaultJointPositonsTolerancesDataType_DictionaryFragment,15716,Variable
CRCL_XmlSchema_SetRotAccelDataType,15717,Variable
CRCL_XmlSchema_SetRotAccelDataType_DataTypeVersion,15718,Variable
CRCL_XmlSchema_SetRotAccelDataType_DictionaryFragment,15719,Variable
CRCL_XmlSchema_SetTransAccelDataType,15720,Variable
CRCL_XmlSchema_SetTransAccelDataType_DataTypeVersion,15721,Variable
CRCL_XmlSchema_SetTransAccelDataType_DictionaryFragment,15722,Variable
CRCL_XmlSchema_SetRotSpeedDataType,15723,Variable
CRCL_XmlSchema_SetRotSpeedDataType_DataTypeVersion,15724,Variable
CRCL_XmlSchema_SetRotSpeedDataType_DictionaryFragment,15725,Variable
CRCL_XmlSchema_SetTransSpeedDataType,15726,Variable
CRCL_XmlSchema_SetTransSpeedDataType_DataTypeVersion,15727,Variable
CRCL_XmlSchema_SetTransSpeedDataType_DictionaryFragment,15728,Variable
CRCL_XmlSchema_UnionTestDataType,15729,Variable
CRCL_XmlSchema_UnionTestDataType_DataTypeVersion,15730,Variable
CRCL_XmlSchema_UnionTestDataType_DictionaryFragment,15731,Variable
CRCL_XmlSchema_CRCLCommandsUnionDataType,15732,Variable
CRCL_XmlSchema_CRCLCommandsUnionDataType_DataTypeVersion,15733,Variable
CRCL_XmlSchema_CRCLCommandsUnionDataType_DictionaryFragment,15734,Variable
SAMYRobotDataType,15735,DataType
PubSubIPAddresses_Encoding_DefaultBinary,15736,Object
SAMYRobotDataType_Encoding_DefaultBinary,15737,Object
CRCL_XmlSchema_CRCL_ConfigureJointReportDataType,15738,Variable
CRCL_XmlSchema_CRCL_ConfigureJointReportDataType_DataTypeVersion,15739,Variable
CRCL_XmlSchema_CRCL_ConfigureJointReportDataType_DictionaryFragment,15740,Variable
CRCL_FractionDataType_Encoding_DefaultJson,15741,Object
CRCL_DataThingDataType_Encoding_DefaultJson,15742,Object
CRCL_PointDataType_Encoding_DefaultJson,15743,Object
CRCL_VectorDataType_Encoding_DefaultJson,15744,Object
CRCL_PoseDataType_Encoding_DefaultJson,15745,Object
CRCL_TwistDataType_Encoding_DefaultJson,15746,Object
CRCL_WrenchDataType_Encoding_DefaultJson,15747,Object
CRCL_PoseToleranceDataType_Encoding_DefaultJson,15748,Object
CRCL_ParameterSettingDataType_Encoding_DefaultJson,15749,Object
CRCL_RotAccelDataType_Encoding_DefaultJson,15750,Object
CRCL_RotAccelAbsoluteDataType_Encoding_DefaultJson,15751,Object
CRCL_RotAccelRelativeDataType_Encoding_DefaultJson,15752,Object
CRCL_RotSpeedDataType_Encoding_DefaultJson,15753,Object
CRCL_RotSpeedAbsoluteDataType_Encoding_DefaultJson,15754,Object
CRCL_RotSpeedRelativeDataType_Encoding_DefaultJson,15755,Object
CRCL_TransAccelDataType_Encoding_DefaultJson,15756,Object
CRCL_TransAccelAbsoluteDataType_Encoding_DefaultJson,15757,Object
CRCL_TransAccelRelativeDataType_Encoding_DefaultJson,15758,Object
CRCL_TransSpeedDataType_Encoding_DefaultJson,15759,Object
CRCL_TransSpeedAbsoluteDataType_Encoding_DefaultJson,15760,Object
CRCL_TransSpeedRelativeDataType_Encoding_DefaultJson,15761,Object
CRCL_GuardDataType_Encoding_DefaultJson,15762,Object
CRCL_JointPositionToleranceSettingDataType_Encoding_DefaultJson,15763,Object
CRCL_JointPositionsTolerancesDataType_Encoding_DefaultJson,15764,Object
CRCL_PoseAndSetDataType_Encoding_DefaultJson,15765,Object
CRCLCommandDataType_Encoding_DefaultJson,15766,Object
MiddleCommandDataType_Encoding_DefaultJson,15767,Object
EndCanonDataType_Encoding_DefaultJson,15768,Object
InitCanonDataType_Encoding_DefaultJson,15769,Object
CRCL_JointDetailsDataType_Encoding_DefaultJson,15770,Object
CRCL_ActuateJointDataType_Encoding_DefaultJson,15771,Object
JointForceTorqueDataType_Encoding_DefaultJson,15772,Object
JointSpeedAccelDataType_Encoding_DefaultJson,15773,Object
ActuateJointsDataType_Encoding_DefaultJson,15774,Object
MoveToDataType_Encoding_DefaultJson,15775,Object
CloseToolChangerDataType_Encoding_DefaultJson,15776,Object
DwellDataType_Encoding_DefaultJson,15777,Object
GetStatusDataType_Encoding_DefaultJson,15778,Object
MessageDataType_Encoding_DefaultJson,15779,Object
MoveScrewDataType_Encoding_DefaultJson,15780,Object
MoveThroughToDataType_Encoding_DefaultJson,15781,Object
OpenToolChangerDataType_Encoding_DefaultJson,15782,Object
RunProgramDataType_Encoding_DefaultJson,15783,Object
SetAngleUnitsDataType_Encoding_DefaultJson,15784,Object
SetEndEffectorParametersDataType_Encoding_DefaultJson,15785,Object
SetEndEffectorDataType_Encoding_DefaultJson,15786,Object
SetEndPoseToleranceDataType_Encoding_DefaultJson,15787,Object
SetForceUnitsDataType_Encoding_DefaultJson,15788,Object
SetIntermediatePoseToleranceDataType_Encoding_DefaultJson,15789,Object
SetLengthUnitsDataType_Encoding_DefaultJson,15790,Object
SetMotionCoordinationDataType_Encoding_DefaultJson,15791,Object
SetRobotParametersDataType_Encoding_DefaultJson,15792,Object
SetTorqueUnitsDataType_Encoding_DefaultJson,15793,Object
StopMotionDataType_Encoding_DefaultJson,15794,Object
ConfigureStatusReportDataType_Encoding_DefaultJson,15795,Object
EnableSensorDataType_Encoding_DefaultJson,15796,Object
DisableSensorDataType_Encoding_DefaultJson,15797,Object
EnableGripperDataType_Encoding_DefaultJson,15798,Object
DisableGripperDataType_Encoding_DefaultJson,15799,Object
EnableRobotParameterStatusDataType_Encoding_DefaultJson,15800,Object
DisableRobotParameterStatusDataType_Encoding_DefaultJson,15801,Object
SetDefaultJointPositonsTolerancesDataType_Encoding_DefaultJson,15802,Object
SetRotAccelDataType_Encoding_DefaultJson,15803,Object
SetTransAccelDataType_Encoding_DefaultJson,15804,Object
SetRotSpeedDataType_Encoding_DefaultJson,15805,Object
SetTransSpeedDataType_Encoding_DefaultJson,15806,Object
UnionTestDataType_Encoding_DefaultJson,15807,Object
CRCLCommandsUnionDataType_Encoding_DefaultJson,15808,Object
CRCL_BinarySchema_PubSubIPAddresses,15809,Variable
CRCL_ConfigureJointReportDataType_Encoding_DefaultJson,15810,Object
CRCL_CommandStateEnumDataType,15829,DataType
CRCL_CommandStateEnumDataType_EnumStrings,15830,Variable
CRCL_CommandStatusDataType,15831,DataType
CRCL_SensorStatusDataType,15832,DataType
CRCL_CountSensorStatusDataType,15833,DataType
CRCL_OnOffSensorStatusDataType,15834,DataType
CRCL_ScalarSensorStatusDataType,15835,DataType
CRCL_ForceTorqueSensorStatusDataType,15836,DataType
CRCL_SensorStatusesDataType,15837,DataType
CRCL_GripperStatusDataType,15838,DataType
CRCL_ParallelGripperStatusDataType,15839,DataType
CRCL_ThreeFingerGripperStatusDataType,15840,DataType
CRCL_VacuumGripperStatusDataType,15841,DataType
CRCL_SettingsStatusDataType,15842,DataType
CRCL_PoseStatusDataType,15843,DataType
CRCL_JointLimitDataType,15844,DataType
CRCL_JointStatusDataType,15845,DataType
CRCL_JointStatusesDataType,15846,DataType
CRCL_BinarySchema_PubSubIPAddresses_DataTypeVersion,15847,Variable
CRCL_CommandStatusDataType_Encoding_DefaultBinary,15848,Object
CRCL_SensorStatusDataType_Encoding_DefaultBinary,15849,Object
CRCL_CountSensorStatusDataType_Encoding_DefaultBinary,15850,Object
CRCL_OnOffSensorStatusDataType_Encoding_DefaultBinary,15851,Object
CRCL_ScalarSensorStatusDataType_Encoding_DefaultBinary,15852,Object
CRCL_ForceTorqueSensorStatusDataType_Encoding_DefaultBinary,15853,Object
CRCL_SensorStatusesDataType_Encoding_DefaultBinary,15854,Object
CRCL_GripperStatusDataType_Encoding_DefaultBinary,15855,Object
CRCL_ParallelGripperStatusDataType_Encoding_DefaultBinary,15856,Object
CRCL_ThreeFingerGripperStatusDataType_Encoding_DefaultBinary,15857,Object
CRCL_VacuumGripperStatusDataType_Encoding_DefaultBinary,15858,Object
CRCL_SettingsStatusDataType_Encoding_DefaultBinary,15859,Object
CRCL_PoseStatusDataType_Encoding_DefaultBinary,15860,Object
CRCL_JointLimitDataType_Encoding_DefaultBinary,15861,Object
CRCL_JointStatusDataType_Encoding_DefaultBinary,15862,Object
CRCL_JointStatusesDataType_Encoding_DefaultBinary,15863,Object
CRCL_BinarySchema_PubSubIPAddresses_DictionaryFragment,15864,Variable
CRCL_BinarySchema_CRCL_CommandStatusDataType,15865,Variable
CRCL_BinarySchema_CRCL_CommandStatusDataType_DataTypeVersion,15866,Variable
CRCL_BinarySchema_CRCL_CommandStatusDataType_DictionaryFragment,15867,Variable
CRCL_BinarySchema_CRCL_SensorStatusDataType,15868,Variable
CRCL_BinarySchema_CRCL_SensorStatusDataType_DataTypeVersion,15869,Variable
CRCL_BinarySchema_CRCL_SensorStatusDataType_DictionaryFragment,15870,Variable
CRCL_BinarySchema_CRCL_CountSensorStatusDataType,15871,Variable
CRCL_BinarySchema_CRCL_CountSensorStatusDataType_DataTypeVersion,15872,Variable
CRCL_BinarySchema_CRCL_CountSensorStatusDataType_DictionaryFragment,15873,Variable
CRCL_BinarySchema_CRCL_OnOffSensorStatusDataType,15874,Variable
CRCL_BinarySchema_CRCL_OnOffSensorStatusDataType_DataTypeVersion,15875,Variable
CRCL_BinarySchema_CRCL_OnOffSensorStatusDataType_DictionaryFragment,15876,Variable
CRCL_BinarySchema_CRCL_ScalarSensorStatusDataType,15877,Variable
CRCL_BinarySchema_CRCL_ScalarSensorStatusDataType_DataTypeVersion,15878,Variable
CRCL_BinarySchema_CRCL_ScalarSensorStatusDataType_DictionaryFragment,15879,Variable
CRCL_BinarySchema_CRCL_ForceTorqueSensorStatusDataType,15880,Variable
CRCL_BinarySchema_CRCL_ForceTorqueSensorStatusDataType_DataTypeVersion,15881,Variable
CRCL_BinarySchema_CRCL_ForceTorqueSensorStatusDataType_DictionaryFragment,15882,Variable
CRCL_BinarySchema_CRCL_SensorStatusesDataType,15883,Variable
CRCL_BinarySchema_CRCL_SensorStatusesDataType_DataTypeVersion,15884,Variable
CRCL_BinarySchema_CRCL_SensorStatusesDataType_DictionaryFragment,15885,Variable
CRCL_BinarySchema_CRCL_GripperStatusDataType,15886,Variable
CRCL_BinarySchema_CRCL_GripperStatusDataType_DataTypeVersion,15887,Variable
CRCL_BinarySchema_CRCL_GripperStatusDataType_DictionaryFragment,15888,Variable
CRCL_BinarySchema_CRCL_ParallelGripperStatusDataType,15889,Variable
CRCL_BinarySchema_CRCL_ParallelGripperStatusDataType_DataTypeVersion,15890,Variable
CRCL_BinarySchema_CRCL_ParallelGripperStatusDataType_DictionaryFragment,15891,Variable
CRCL_BinarySchema_CRCL_ThreeFingerGripperStatusDataType,15892,Variable
CRCL_BinarySchema_CRCL_ThreeFingerGripperStatusDataType_DataTypeVersion,15893,Variable
CRCL_BinarySchema_CRCL_ThreeFingerGripperStatusDataType_DictionaryFragment,15894,Variable
CRCL_BinarySchema_CRCL_VacuumGripperStatusDataType,15895,Variable
CRCL_BinarySchema_CRCL_VacuumGripperStatusDataType_DataTypeVersion,15896,Variable
CRCL_BinarySchema_CRCL_VacuumGripperStatusDataType_DictionaryFragment,15897,Variable
CRCL_BinarySchema_CRCL_SettingsStatusDataType,15898,Variable
CRCL_BinarySchema_CRCL_SettingsStatusDataType_DataTypeVersion,15899,Variable
CRCL_BinarySchema_CRCL_SettingsStatusDataType_DictionaryFragment,15900,Variable
CRCL_BinarySchema_CRCL_PoseStatusDataType,15901,Variable
CRCL_BinarySchema_CRCL_PoseStatusDataType_DataTypeVersion,15902,Variable
CRCL_BinarySchema_CRCL_PoseStatusDataType_DictionaryFragment,15903,Variable
CRCL_BinarySchema_CRCL_JointLimitDataType,15904,Variable
CRCL_BinarySchema_CRCL_JointLimitDataType_DataTypeVersion,15905,Variable
CRCL_BinarySchema_CRCL_JointLimitDataType_DictionaryFragment,15906,Variable
CRCL_BinarySchema_CRCL_JointStatusDataType,15907,Variable
CRCL_BinarySchema_CRCL_JointStatusDataType_DataTypeVersion,15908,Variable
CRCL_BinarySchema_CRCL_JointStatusDataType_DictionaryFragment,15909,Variable
CRCL_BinarySchema_CRCL_JointStatusesDataType,15910,Variable
CRCL_BinarySchema_CRCL_JointStatusesDataType_DataTypeVersion,15911,Variable
CRCL_BinarySchema_CRCL_JointStatusesDataType_DictionaryFragment,15912,Variable
CRCL_BinarySchema_SAMYRobotDataType,15913,Variable
CRCL_BinarySchema_SAMYRobotDataType_DataTypeVersion,15914,Variable
CRCL_BinarySchema_SAMYRobotDataType_DictionaryFragment,15915,Variable
CRCL_CommandStatusDataType_Encoding_DefaultXml,15916,Object
CRCL_SensorStatusDataType_Encoding_DefaultXml,15917,Object
CRCL_CountSensorStatusDataType_Encoding_DefaultXml,15918,Object
CRCL_OnOffSensorStatusDataType_Encoding_DefaultXml,15919,Object
CRCL_ScalarSensorStatusDataType_Encoding_DefaultXml,15920,Object
CRCL_ForceTorqueSensorStatusDataType_Encoding_DefaultXml,15921,Object
CRCL_SensorStatusesDataType_Encoding_DefaultXml,15922,Object
CRCL_GripperStatusDataType_Encoding_DefaultXml,15923,Object
CRCL_ParallelGripperStatusDataType_Encoding_DefaultXml,15924,Object
CRCL_ThreeFingerGripperStatusDataType_Encoding_DefaultXml,15925,Object
CRCL_VacuumGripperStatusDataType_Encoding_DefaultXml,15926,Object
CRCL_SettingsStatusDataType_Encoding_DefaultXml,15927,Object
CRCL_PoseStatusDataType_Encoding_DefaultXml,15928,Object
CRCL_JointLimitDataType_Encoding_DefaultXml,15929,Object
CRCL_JointStatusDataType_Encoding_DefaultXml,15930,Object
CRCL_JointStatusesDataType_Encoding_DefaultXml,15931,Object
PubSubIPAddresses_Encoding_DefaultXml,15932,Object
CRCL_XmlSchema_CRCL_CommandStatusDataType,15933,Variable
CRCL_XmlSchema_CRCL_CommandStatusDataType_DataTypeVersion,15934,Variable
CRCL_XmlSchema_CRCL_CommandStatusDataType_DictionaryFragment,15935,Variable
CRCL_XmlSchema_CRCL_SensorStatusDataType,15936,Variable
CRCL_XmlSchema_CRCL_SensorStatusDataType_DataTypeVersion,15937,Variable
CRCL_XmlSchema_CRCL_SensorStatusDataType_DictionaryFragment,15938,Variable
CRCL_XmlSchema_CRCL_CountSensorStatusDataType,15939,Variable
CRCL_XmlSchema_CRCL_CountSensorStatusDataType_DataTypeVersion,15940,Variable
CRCL_XmlSchema_CRCL_CountSensorStatusDataType_DictionaryFragment,15941,Variable
CRCL_XmlSchema_CRCL_OnOffSensorStatusDataType,15942,Variable
CRCL_XmlSchema_CRCL_OnOffSensorStatusDataType_DataTypeVersion,15943,Variable
CRCL_XmlSchema_CRCL_OnOffSensorStatusDataType_DictionaryFragment,15944,Variable
CRCL_XmlSchema_CRCL_ScalarSensorStatusDataType,15945,Variable
CRCL_XmlSchema_CRCL_ScalarSensorStatusDataType_DataTypeVersion,15946,Variable
CRCL_XmlSchema_CRCL_ScalarSensorStatusDataType_DictionaryFragment,15947,Variable
CRCL_XmlSchema_CRCL_ForceTorqueSensorStatusDataType,15948,Variable
CRCL_XmlSchema_CRCL_ForceTorqueSensorStatusDataType_DataTypeVersion,15949,Variable
CRCL_XmlSchema_CRCL_ForceTorqueSensorStatusDataType_DictionaryFragment,15950,Variable
CRCL_XmlSchema_CRCL_SensorStatusesDataType,15951,Variable
CRCL_XmlSchema_CRCL_SensorStatusesDataType_DataTypeVersion,15952,Variable
CRCL_XmlSchema_CRCL_SensorStatusesDataType_DictionaryFragment,15953,Variable
CRCL_XmlSchema_CRCL_GripperStatusDataType,15954,Variable
CRCL_XmlSchema_CRCL_GripperStatusDataType_DataTypeVersion,15955,Variable
CRCL_XmlSchema_CRCL_GripperStatusDataType_DictionaryFragment,15956,Variable
CRCL_XmlSchema_CRCL_ParallelGripperStatusDataType,15957,Variable
CRCL_XmlSchema_CRCL_ParallelGripperStatusDataType_DataTypeVersion,15958,Variable
CRCL_XmlSchema_CRCL_ParallelGripperStatusDataType_DictionaryFragment,15959,Variable
CRCL_XmlSchema_CRCL_ThreeFingerGripperStatusDataType,15960,Variable
CRCL_XmlSchema_CRCL_ThreeFingerGripperStatusDataType_DataTypeVersion,15961,Variable
CRCL_XmlSchema_CRCL_ThreeFingerGripperStatusDataType_DictionaryFragment,15962,Variable
CRCL_XmlSchema_CRCL_VacuumGripperStatusDataType,15963,Variable
CRCL_XmlSchema_CRCL_VacuumGripperStatusDataType_DataTypeVersion,15964,Variable
CRCL_XmlSchema_CRCL_VacuumGripperStatusDataType_DictionaryFragment,15965,Variable
CRCL_XmlSchema_CRCL_SettingsStatusDataType,15966,Variable
CRCL_XmlSchema_CRCL_SettingsStatusDataType_DataTypeVersion,15967,Variable
CRCL_XmlSchema_CRCL_SettingsStatusDataType_DictionaryFragment,15968,Variable
CRCL_XmlSchema_CRCL_PoseStatusDataType,15969,Variable
CRCL_XmlSchema_CRCL_PoseStatusDataType_DataTypeVersion,15970,Variable
CRCL_XmlSchema_CRCL_PoseStatusDataType_DictionaryFragment,15971,Variable
CRCL_XmlSchema_CRCL_JointLimitDataType,15972,Variable
CRCL_XmlSchema_CRCL_JointLimitDataType_DataTypeVersion,15973,Variable
CRCL_XmlSchema_CRCL_JointLimitDataType_DictionaryFragment,15974,Variable
CRCL_XmlSchema_CRCL_JointStatusDataType,15975,Variable
CRCL_XmlSchema_CRCL_JointStatusDataType_DataTypeVersion,15976,Variable
CRCL_XmlSchema_CRCL_JointStatusDataType_DictionaryFragment,15977,Variable
CRCL_XmlSchema_CRCL_JointStatusesDataType,15978,Variable
CRCL_XmlSchema_CRCL_JointStatusesDataType_DataTypeVersion,15979,Variable
CRCL_XmlSchema_CRCL_JointStatusesDataType_DictionaryFragment,15980,Variable
SAMYRobotDataType_Encoding_DefaultXml,15981,Object
CRCL_XmlSchema_PubSubIPAddresses,15982,Variable
CRCL_XmlSchema_PubSubIPAddresses_DataTypeVersion,15983,Variable
CRCL_CommandStatusDataType_Encoding_DefaultJson,15984,Object
CRCL_SensorStatusDataType_Encoding_DefaultJson,15985,Object
CRCL_CountSensorStatusDataType_Encoding_DefaultJson,15986,Object
CRCL_OnOffSensorStatusDataType_Encoding_DefaultJson,15987,Object
CRCL_ScalarSensorStatusDataType_Encoding_DefaultJson,15988,Object
CRCL_ForceTorqueSensorStatusDataType_Encoding_DefaultJson,15989,Object
CRCL_SensorStatusesDataType_Encoding_DefaultJson,15990,Object
CRCL_GripperStatusDataType_Encoding_DefaultJson,15991,Object
CRCL_ParallelGripperStatusDataType_Encoding_DefaultJson,15992,Object
CRCL_ThreeFingerGripperStatusDataType_Encoding_DefaultJson,15993,Object
CRCL_VacuumGripperStatusDataType_Encoding_DefaultJson,15994,Object
CRCL_SettingsStatusDataType_Encoding_DefaultJson,15995,Object
CRCL_PoseStatusDataType_Encoding_DefaultJson,15996,Object
CRCL_JointLimitDataType_Encoding_DefaultJson,15997,Object
CRCL_JointStatusDataType_Encoding_DefaultJson,15998,Object
CRCL_JointStatusesDataType_Encoding_DefaultJson,15999,Object
CRCL_XmlSchema_PubSubIPAddresses_DictionaryFragment,16000,Variable
CRCL_XmlSchema_SAMYRobotDataType,16001,Variable
CRCL_XmlSchema_SAMYRobotDataType_DataTypeVersion,16002,Variable
CRCL_XmlSchema_SAMYRobotDataType_DictionaryFragment,16003,Variable
PubSubIPAddresses_Encoding_DefaultJson,16004,Object
SAMYRobotDataType_Encoding_DefaultJson,16005,Object
