ActuateJointsDataType,15119,DataType
ActuateJointsDataType_Encoding_DefaultBinary,15206,Object
ActuateJointsDataType_Encoding_DefaultJson,15774,Object
ActuateJointsDataType_Encoding_DefaultXml,15490,Object
CloseToolChangerDataType,15121,DataType
CloseToolChangerDataType_Encoding_DefaultBinary,15208,Object
CloseToolChangerDataType_Encoding_DefaultJson,15776,Object
CloseToolChangerDataType_Encoding_DefaultXml,15492,Object
ConfigureStatusReportDataType,15140,DataType
ConfigureStatusReportDataType_Encoding_DefaultBinary,15227,Object
ConfigureStatusReportDataType_Encoding_DefaultJson,15795,Object
ConfigureStatusReportDataType_Encoding_DefaultXml,15511,Object
CRCL_ActuateJointDataType,15116,DataType
CRCL_ActuateJointDataType_Encoding_DefaultBinary,15203,Object
CRCL_ActuateJointDataType_Encoding_DefaultJson,15771,Object
CRCL_ActuateJointDataType_Encoding_DefaultXml,15487,Object
CRCL_AngleUnitEnumDataType,15075,DataType
CRCL_BinarySchema,15243,Variable
CRCL_CommandStateEnumDataType,15829,DataType
CRCL_CommandStatusDataType,15831,DataType
CRCL_CommandStatusDataType_Encoding_DefaultBinary,15848,Object
CRCL_CommandStatusDataType_Encoding_DefaultJson,15984,Object
CRCL_CommandStatusDataType_Encoding_DefaultXml,15916,Object
CRCL_ConfigureJointReportDataType,15157,DataType
CRCL_ConfigureJointReportDataType_Encoding_DefaultBinary,15242,Object
CRCL_ConfigureJointReportDataType_Encoding_DefaultJson,15810,Object
CRCL_ConfigureJointReportDataType_Encoding_DefaultXml,15526,Object
CRCL_CountSensorStatusDataType,15833,DataType
CRCL_CountSensorStatusDataType_Encoding_DefaultBinary,15850,Object
CRCL_CountSensorStatusDataType_Encoding_DefaultJson,15986,Object
CRCL_CountSensorStatusDataType_Encoding_DefaultXml,15918,Object
CRCL_DataThingDataType,15082,DataType
CRCL_DataThingDataType_Encoding_DefaultBinary,15174,Object
CRCL_DataThingDataType_Encoding_DefaultJson,15742,Object
CRCL_DataThingDataType_Encoding_DefaultXml,15458,Object
CRCL_ForceTorqueSensorStatusDataType,15836,DataType
CRCL_ForceTorqueSensorStatusDataType_Encoding_DefaultBinary,15853,Object
CRCL_ForceTorqueSensorStatusDataType_Encoding_DefaultJson,15989,Object
CRCL_ForceTorqueSensorStatusDataType_Encoding_DefaultXml,15921,Object
CRCL_ForceUnitEnumDataType,15077,DataType
CRCL_FractionDataType,15079,DataType
CRCL_FractionDataType_Encoding_DefaultBinary,15173,Object
CRCL_FractionDataType_Encoding_DefaultJson,15741,Object
CRCL_FractionDataType_Encoding_DefaultXml,15457,Object
CRCL_GripperStatusDataType,15838,DataType
CRCL_GripperStatusDataType_Encoding_DefaultBinary,15855,Object
CRCL_GripperStatusDataType_Encoding_DefaultJson,15991,Object
CRCL_GripperStatusDataType_Encoding_DefaultXml,15923,Object
CRCL_GuardDataType,15107,DataType
CRCL_GuardDataType_Encoding_DefaultBinary,15194,Object
CRCL_GuardDataType_Encoding_DefaultJson,15762,Object
CRCL_GuardDataType_Encoding_DefaultXml,15478,Object
CRCL_GuardLimitEnumDataType,15105,DataType
CRCL_JointDetailsDataType,15115,DataType
CRCL_JointDetailsDataType_Encoding_DefaultBinary,15202,Object
CRCL_JointDetailsDataType_Encoding_DefaultJson,15770,Object
CRCL_JointDetailsDataType_Encoding_DefaultXml,15486,Object
CRCL_JointLimitDataType,15844,DataType
CRCL_JointLimitDataType_Encoding_DefaultBinary,15861,Object
CRCL_JointLimitDataType_Encoding_DefaultJson,15997,Object
CRCL_JointLimitDataType_Encoding_DefaultXml,15929,Object
CRCL_JointPositionsTolerancesDataType,15109,DataType
CRCL_JointPositionsTolerancesDataType_Encoding_DefaultBinary,15196,Object
CRCL_JointPositionsTolerancesDataType_Encoding_DefaultJson,15764,Object
CRCL_JointPositionsTolerancesDataType_Encoding_DefaultXml,15480,Object
CRCL_JointPositionToleranceSettingDataType,15108,DataType
CRCL_JointPositionToleranceSettingDataType_Encoding_DefaultBinary,15195,Object
CRCL_JointPositionToleranceSettingDataType_Encoding_DefaultJson,15763,Object
CRCL_JointPositionToleranceSettingDataType_Encoding_DefaultXml,15479,Object
CRCL_JointStatusDataType,15845,DataType
CRCL_JointStatusDataType_Encoding_DefaultBinary,15862,Object
CRCL_JointStatusDataType_Encoding_DefaultJson,15998,Object
CRCL_JointStatusDataType_Encoding_DefaultXml,15930,Object
CRCL_JointStatusesDataType,15846,DataType
CRCL_JointStatusesDataType_Encoding_DefaultBinary,15863,Object
CRCL_JointStatusesDataType_Encoding_DefaultJson,15999,Object
CRCL_JointStatusesDataType_Encoding_DefaultXml,15931,Object
CRCL_LengthUnitEnumDataType,15080,DataType
CRCL_OnOffSensorStatusDataType,15834,DataType
CRCL_OnOffSensorStatusDataType_Encoding_DefaultBinary,15851,Object
CRCL_OnOffSensorStatusDataType_Encoding_DefaultJson,15987,Object
CRCL_OnOffSensorStatusDataType_Encoding_DefaultXml,15919,Object
CRCL_ParallelGripperStatusDataType,15839,DataType
CRCL_ParallelGripperStatusDataType_Encoding_DefaultBinary,15856,Object
CRCL_ParallelGripperStatusDataType_Encoding_DefaultJson,15992,Object
CRCL_ParallelGripperStatusDataType_Encoding_DefaultXml,15924,Object
CRCL_ParameterSettingDataType,15092,DataType
CRCL_ParameterSettingDataType_Encoding_DefaultBinary,15181,Object
CRCL_ParameterSettingDataType_Encoding_DefaultJson,15749,Object
CRCL_ParameterSettingDataType_Encoding_DefaultXml,15465,Object
CRCL_PointDataType,15083,DataType
CRCL_PointDataType_Encoding_DefaultBinary,15175,Object
CRCL_PointDataType_Encoding_DefaultJson,15743,Object
CRCL_PointDataType_Encoding_DefaultXml,15459,Object
CRCL_PoseAndSetDataType,15110,DataType
CRCL_PoseAndSetDataType_Encoding_DefaultBinary,15197,Object
CRCL_PoseAndSetDataType_Encoding_DefaultJson,15765,Object
CRCL_PoseAndSetDataType_Encoding_DefaultXml,15481,Object
CRCL_PoseDataType,15085,DataType
CRCL_PoseDataType_Encoding_DefaultBinary,15177,Object
CRCL_PoseDataType_Encoding_DefaultJson,15745,Object
CRCL_PoseDataType_Encoding_DefaultXml,15461,Object
CRCL_PoseStatusDataType,15843,DataType
CRCL_PoseStatusDataType_Encoding_DefaultBinary,15860,Object
CRCL_PoseStatusDataType_Encoding_DefaultJson,15996,Object
CRCL_PoseStatusDataType_Encoding_DefaultXml,15928,Object
CRCL_PoseToleranceDataType,15091,DataType
CRCL_PoseToleranceDataType_Encoding_DefaultBinary,15180,Object
CRCL_PoseToleranceDataType_Encoding_DefaultJson,15748,Object
CRCL_PoseToleranceDataType_Encoding_DefaultXml,15464,Object
CRCL_PositiveDecimalDataType,15086,DataType
CRCL_RotAccelAbsoluteDataType,15094,DataType
CRCL_RotAccelAbsoluteDataType_Encoding_DefaultBinary,15183,Object
CRCL_RotAccelAbsoluteDataType_Encoding_DefaultJson,15751,Object
CRCL_RotAccelAbsoluteDataType_Encoding_DefaultXml,15467,Object
CRCL_RotAccelDataType,15093,DataType
CRCL_RotAccelDataType_Encoding_DefaultBinary,15182,Object
CRCL_RotAccelDataType_Encoding_DefaultJson,15750,Object
CRCL_RotAccelDataType_Encoding_DefaultXml,15466,Object
CRCL_RotAccelRelativeDataType,15095,DataType
CRCL_RotAccelRelativeDataType_Encoding_DefaultBinary,15184,Object
CRCL_RotAccelRelativeDataType_Encoding_DefaultJson,15752,Object
CRCL_RotAccelRelativeDataType_Encoding_DefaultXml,15468,Object
CRCL_RotSpeedAbsoluteDataType,15097,DataType
CRCL_RotSpeedAbsoluteDataType_Encoding_DefaultBinary,15186,Object
CRCL_RotSpeedAbsoluteDataType_Encoding_DefaultJson,15754,Object
CRCL_RotSpeedAbsoluteDataType_Encoding_DefaultXml,15470,Object
CRCL_RotSpeedDataType,15096,DataType
CRCL_RotSpeedDataType_Encoding_DefaultBinary,15185,Object
CRCL_RotSpeedDataType_Encoding_DefaultJson,15753,Object
CRCL_RotSpeedDataType_Encoding_DefaultXml,15469,Object
CRCL_RotSpeedRelativeDataType,15098,DataType
CRCL_RotSpeedRelativeDataType_Encoding_DefaultBinary,15187,Object
CRCL_RotSpeedRelativeDataType_Encoding_DefaultJson,15755,Object
CRCL_RotSpeedRelativeDataType_Encoding_DefaultXml,15471,Object
CRCL_ScalarSensorStatusDataType,15835,DataType
CRCL_ScalarSensorStatusDataType_Encoding_DefaultBinary,15852,Object
CRCL_ScalarSensorStatusDataType_Encoding_DefaultJson,15988,Object
CRCL_ScalarSensorStatusDataType_Encoding_DefaultXml,15920,Object
CRCL_SensorStatusDataType,15832,DataType
CRCL_SensorStatusDataType_Encoding_DefaultBinary,15849,Object
CRCL_SensorStatusDataType_Encoding_DefaultJson,15985,Object
CRCL_SensorStatusDataType_Encoding_DefaultXml,15917,Object
CRCL_SensorStatusesDataType,15837,DataType
CRCL_SensorStatusesDataType_Encoding_DefaultBinary,15854,Object
CRCL_SensorStatusesDataType_Encoding_DefaultJson,15990,Object
CRCL_SensorStatusesDataType_Encoding_DefaultXml,15922,Object
CRCL_SettingsStatusDataType,15842,DataType
CRCL_SettingsStatusDataType_Encoding_DefaultBinary,15859,Object
CRCL_SettingsStatusDataType_Encoding_DefaultJson,15995,Object
CRCL_SettingsStatusDataType_Encoding_DefaultXml,15927,Object
CRCL_StopConditionEnumDataType,15155,DataType
CRCL_ThreeFingerGripperStatusDataType,15840,DataType
CRCL_ThreeFingerGripperStatusDataType_Encoding_DefaultBinary,15857,Object
CRCL_ThreeFingerGripperStatusDataType_Encoding_DefaultJson,15993,Object
CRCL_ThreeFingerGripperStatusDataType_Encoding_DefaultXml,15925,Object
CRCL_TorqueUnitEnumDataType,15087,DataType
CRCL_TransAccelAbsoluteDataType,15100,DataType
CRCL_TransAccelAbsoluteDataType_Encoding_DefaultBinary,15189,Object
CRCL_TransAccelAbsoluteDataType_Encoding_DefaultJson,15757,Object
CRCL_TransAccelAbsoluteDataType_Encoding_DefaultXml,15473,Object
CRCL_TransAccelDataType,15099,DataType
CRCL_TransAccelDataType_Encoding_DefaultBinary,15188,Object
CRCL_TransAccelDataType_Encoding_DefaultJson,15756,Object
CRCL_TransAccelDataType_Encoding_DefaultXml,15472,Object
CRCL_TransAccelRelativeDataType,15101,DataType
CRCL_TransAccelRelativeDataType_Encoding_DefaultBinary,15190,Object
CRCL_TransAccelRelativeDataType_Encoding_DefaultJson,15758,Object
CRCL_TransAccelRelativeDataType_Encoding_DefaultXml,15474,Object
CRCL_TransSpeedAbsoluteDataType,15103,DataType
CRCL_TransSpeedAbsoluteDataType_Encoding_DefaultBinary,15192,Object
CRCL_TransSpeedAbsoluteDataType_Encoding_DefaultJson,15760,Object
CRCL_TransSpeedAbsoluteDataType_Encoding_DefaultXml,15476,Object
CRCL_TransSpeedDataType,15102,DataType
CRCL_TransSpeedDataType_Encoding_DefaultBinary,15191,Object
CRCL_TransSpeedDataType_Encoding_DefaultJson,15759,Object
CRCL_TransSpeedDataType_Encoding_DefaultXml,15475,Object
CRCL_TransSpeedRelativeDataType,15104,DataType
CRCL_TransSpeedRelativeDataType_Encoding_DefaultBinary,15193,Object
CRCL_TransSpeedRelativeDataType_Encoding_DefaultJson,15761,Object
CRCL_TransSpeedRelativeDataType_Encoding_DefaultXml,15477,Object
CRCL_TwistDataType,15089,DataType
CRCL_TwistDataType_Encoding_DefaultBinary,15178,Object
CRCL_TwistDataType_Encoding_DefaultJson,15746,Object
CRCL_TwistDataType_Encoding_DefaultXml,15462,Object
CRCL_VacuumGripperStatusDataType,15841,DataType
CRCL_VacuumGripperStatusDataType_Encoding_DefaultBinary,15858,Object
CRCL_VacuumGripperStatusDataType_Encoding_DefaultJson,15994,Object
CRCL_VacuumGripperStatusDataType_Encoding_DefaultXml,15926,Object
CRCL_VectorDataType,15084,DataType
CRCL_VectorDataType_Encoding_DefaultBinary,15176,Object
CRCL_VectorDataType_Encoding_DefaultJson,15744,Object
CRCL_VectorDataType_Encoding_DefaultXml,15460,Object
CRCL_WrenchDataType,15090,DataType
CRCL_WrenchDataType_Encoding_DefaultBinary,15179,Object
CRCL_WrenchDataType_Encoding_DefaultJson,15747,Object
CRCL_WrenchDataType_Encoding_DefaultXml,15463,Object
CRCL_XmlSchema,15527,Variable
CRCLCommandDataType,15111,DataType
CRCLCommandDataType_Encoding_DefaultBinary,15198,Object
CRCLCommandDataType_Encoding_DefaultJson,15766,Object
CRCLCommandDataType_Encoding_DefaultXml,15482,Object
CRCLCommandsUnionDataType,15153,DataType
CRCLCommandsUnionDataType_Encoding_DefaultBinary,15240,Object
CRCLCommandsUnionDataType_Encoding_DefaultJson,15808,Object
CRCLCommandsUnionDataType_Encoding_DefaultXml,15524,Object
CRCLSkillDataType,15159,DataType
CRCLSkillDataType_Encoding_DefaultBinary,15160,Object
CRCLSkillDataType_Encoding_DefaultJson,15168,Object
CRCLSkillDataType_Encoding_DefaultXml,15164,Object
CRCLStatusDataType,15074,DataType
CRCLStatusDataType_Encoding_DefaultBinary,15154,Object
CRCLStatusDataType_Encoding_DefaultJson,15453,Object
CRCLStatusDataType_Encoding_DefaultXml,15172,Object
DisableGripperDataType,15144,DataType
DisableGripperDataType_Encoding_DefaultBinary,15231,Object
DisableGripperDataType_Encoding_DefaultJson,15799,Object
DisableGripperDataType_Encoding_DefaultXml,15515,Object
DisableRobotParameterStatusDataType,15146,DataType
DisableRobotParameterStatusDataType_Encoding_DefaultBinary,15233,Object
DisableRobotParameterStatusDataType_Encoding_DefaultJson,15801,Object
DisableRobotParameterStatusDataType_Encoding_DefaultXml,15517,Object
DisableSensorDataType,15142,DataType
DisableSensorDataType_Encoding_DefaultBinary,15229,Object
DisableSensorDataType_Encoding_DefaultJson,15797,Object
DisableSensorDataType_Encoding_DefaultXml,15513,Object
DwellDataType,15122,DataType
DwellDataType_Encoding_DefaultBinary,15209,Object
DwellDataType_Encoding_DefaultJson,15777,Object
DwellDataType_Encoding_DefaultXml,15493,Object
EnableGripperDataType,15143,DataType
EnableGripperDataType_Encoding_DefaultBinary,15230,Object
EnableGripperDataType_Encoding_DefaultJson,15798,Object
EnableGripperDataType_Encoding_DefaultXml,15514,Object
EnableRobotParameterStatusDataType,15145,DataType
EnableRobotParameterStatusDataType_Encoding_DefaultBinary,15232,Object
EnableRobotParameterStatusDataType_Encoding_DefaultJson,15800,Object
EnableRobotParameterStatusDataType_Encoding_DefaultXml,15516,Object
EnableSensorDataType,15141,DataType
EnableSensorDataType_Encoding_DefaultBinary,15228,Object
EnableSensorDataType_Encoding_DefaultJson,15796,Object
EnableSensorDataType_Encoding_DefaultXml,15512,Object
EndCanonDataType,15113,DataType
EndCanonDataType_Encoding_DefaultBinary,15200,Object
EndCanonDataType_Encoding_DefaultJson,15768,Object
EndCanonDataType_Encoding_DefaultXml,15484,Object
GetStatusDataType,15123,DataType
GetStatusDataType_Encoding_DefaultBinary,15210,Object
GetStatusDataType_Encoding_DefaultJson,15778,Object
GetStatusDataType_Encoding_DefaultXml,15494,Object
InitCanonDataType,15114,DataType
InitCanonDataType_Encoding_DefaultBinary,15201,Object
InitCanonDataType_Encoding_DefaultJson,15769,Object
InitCanonDataType_Encoding_DefaultXml,15485,Object
JointForceTorqueDataType,15117,DataType
JointForceTorqueDataType_Encoding_DefaultBinary,15204,Object
JointForceTorqueDataType_Encoding_DefaultJson,15772,Object
JointForceTorqueDataType_Encoding_DefaultXml,15488,Object
JointSpeedAccelDataType,15118,DataType
JointSpeedAccelDataType_Encoding_DefaultBinary,15205,Object
JointSpeedAccelDataType_Encoding_DefaultJson,15773,Object
JointSpeedAccelDataType_Encoding_DefaultXml,15489,Object
MessageDataType,15124,DataType
MessageDataType_Encoding_DefaultBinary,15211,Object
MessageDataType_Encoding_DefaultJson,15779,Object
MessageDataType_Encoding_DefaultXml,15495,Object
MiddleCommandDataType,15112,DataType
MiddleCommandDataType_Encoding_DefaultBinary,15199,Object
MiddleCommandDataType_Encoding_DefaultJson,15767,Object
MiddleCommandDataType_Encoding_DefaultXml,15483,Object
MoveScrewDataType,15125,DataType
MoveScrewDataType_Encoding_DefaultBinary,15212,Object
MoveScrewDataType_Encoding_DefaultJson,15780,Object
MoveScrewDataType_Encoding_DefaultXml,15496,Object
MoveThroughToDataType,15126,DataType
MoveThroughToDataType_Encoding_DefaultBinary,15213,Object
MoveThroughToDataType_Encoding_DefaultJson,15781,Object
MoveThroughToDataType_Encoding_DefaultXml,15497,Object
MoveToDataType,15120,DataType
MoveToDataType_Encoding_DefaultBinary,15207,Object
MoveToDataType_Encoding_DefaultJson,15775,Object
MoveToDataType_Encoding_DefaultXml,15491,Object
OpenToolChangerDataType,15127,DataType
OpenToolChangerDataType_Encoding_DefaultBinary,15214,Object
OpenToolChangerDataType_Encoding_DefaultJson,15782,Object
OpenToolChangerDataType_Encoding_DefaultXml,15498,Object
PubSubIPAddresses,15525,DataType
PubSubIPAddresses_Encoding_DefaultBinary,15736,Object
PubSubIPAddresses_Encoding_DefaultJson,16004,Object
PubSubIPAddresses_Encoding_DefaultXml,15932,Object
RunProgramDataType,15128,DataType
RunProgramDataType_Encoding_DefaultBinary,15215,Object
RunProgramDataType_Encoding_DefaultJson,15783,Object
RunProgramDataType_Encoding_DefaultXml,15499,Object
SAMYRobotDataType,15735,DataType
SAMYRobotDataType_Encoding_DefaultBinary,15737,Object
SAMYRobotDataType_Encoding_DefaultJson,16005,Object
SAMYRobotDataType_Encoding_DefaultXml,15981,Object
SetAngleUnitsDataType,15129,DataType
SetAngleUnitsDataType_Encoding_DefaultBinary,15216,Object
SetAngleUnitsDataType_Encoding_DefaultJson,15784,Object
SetAngleUnitsDataType_Encoding_DefaultXml,15500,Object
SetDefaultJointPositonsTolerancesDataType,15147,DataType
SetDefaultJointPositonsTolerancesDataType_Encoding_DefaultBinary,15234,Object
SetDefaultJointPositonsTolerancesDataType_Encoding_DefaultJson,15802,Object
SetDefaultJointPositonsTolerancesDataType_Encoding_DefaultXml,15518,Object
SetEndEffectorDataType,15131,DataType
SetEndEffectorDataType_Encoding_DefaultBinary,15218,Object
SetEndEffectorDataType_Encoding_DefaultJson,15786,Object
SetEndEffectorDataType_Encoding_DefaultXml,15502,Object
SetEndEffectorParametersDataType,15130,DataType
SetEndEffectorParametersDataType_Encoding_DefaultBinary,15217,Object
SetEndEffectorParametersDataType_Encoding_DefaultJson,15785,Object
SetEndEffectorParametersDataType_Encoding_DefaultXml,15501,Object
SetEndPoseToleranceDataType,15132,DataType
SetEndPoseToleranceDataType_Encoding_DefaultBinary,15219,Object
SetEndPoseToleranceDataType_Encoding_DefaultJson,15787,Object
SetEndPoseToleranceDataType_Encoding_DefaultXml,15503,Object
SetForceUnitsDataType,15133,DataType
SetForceUnitsDataType_Encoding_DefaultBinary,15220,Object
SetForceUnitsDataType_Encoding_DefaultJson,15788,Object
SetForceUnitsDataType_Encoding_DefaultXml,15504,Object
SetIntermediatePoseToleranceDataType,15134,DataType
SetIntermediatePoseToleranceDataType_Encoding_DefaultBinary,15221,Object
SetIntermediatePoseToleranceDataType_Encoding_DefaultJson,15789,Object
SetIntermediatePoseToleranceDataType_Encoding_DefaultXml,15505,Object
SetLengthUnitsDataType,15135,DataType
SetLengthUnitsDataType_Encoding_DefaultBinary,15222,Object
SetLengthUnitsDataType_Encoding_DefaultJson,15790,Object
SetLengthUnitsDataType_Encoding_DefaultXml,15506,Object
SetMotionCoordinationDataType,15136,DataType
SetMotionCoordinationDataType_Encoding_DefaultBinary,15223,Object
SetMotionCoordinationDataType_Encoding_DefaultJson,15791,Object
SetMotionCoordinationDataType_Encoding_DefaultXml,15507,Object
SetRobotParametersDataType,15137,DataType
SetRobotParametersDataType_Encoding_DefaultBinary,15224,Object
SetRobotParametersDataType_Encoding_DefaultJson,15792,Object
SetRobotParametersDataType_Encoding_DefaultXml,15508,Object
SetRotAccelDataType,15148,DataType
SetRotAccelDataType_Encoding_DefaultBinary,15235,Object
SetRotAccelDataType_Encoding_DefaultJson,15803,Object
SetRotAccelDataType_Encoding_DefaultXml,15519,Object
SetRotSpeedDataType,15150,DataType
SetRotSpeedDataType_Encoding_DefaultBinary,15237,Object
SetRotSpeedDataType_Encoding_DefaultJson,15805,Object
SetRotSpeedDataType_Encoding_DefaultXml,15521,Object
SetTorqueUnitsDataType,15138,DataType
SetTorqueUnitsDataType_Encoding_DefaultBinary,15225,Object
SetTorqueUnitsDataType_Encoding_DefaultJson,15793,Object
SetTorqueUnitsDataType_Encoding_DefaultXml,15509,Object
SetTransAccelDataType,15149,DataType
SetTransAccelDataType_Encoding_DefaultBinary,15236,Object
SetTransAccelDataType_Encoding_DefaultJson,15804,Object
SetTransAccelDataType_Encoding_DefaultXml,15520,Object
SetTransSpeedDataType,15151,DataType
SetTransSpeedDataType_Encoding_DefaultBinary,15238,Object
SetTransSpeedDataType_Encoding_DefaultJson,15806,Object
SetTransSpeedDataType_Encoding_DefaultXml,15522,Object
StopMotionDataType,15139,DataType
StopMotionDataType_Encoding_DefaultBinary,15226,Object
StopMotionDataType_Encoding_DefaultJson,15794,Object
StopMotionDataType_Encoding_DefaultXml,15510,Object
UnionTestDataType,15152,DataType
UnionTestDataType_Encoding_DefaultBinary,15239,Object
UnionTestDataType_Encoding_DefaultJson,15807,Object
UnionTestDataType_Encoding_DefaultXml,15523,Object
